deck_id,name,author,placement,tournament,inks,url,tournament_url,tournament_id,fingerprint,scraped_at,cards_count,source_index
e3b0c44298fc1c149afbf4c8996fb92427ae41e4649b934ca495991b7852b855,Lorcana Core Constructed Best Color Combos: Inks Tier List February 2026,,,refined gaming set 11 case tournament,,https://inkdecks.com/lorcana-metagame/inks,https://inkdecks.com/lorcana-tournaments/refined-gaming-set-11-case-tournament-tournament-decks-363188,363188,e3b0c44298fc1c149afbf4c8996fb92427ae41e4649b934ca495991b7852b855,2026-02-20T16:35:31.535Z,0,0
c25bc1390427d5372b58fcddf06c8f97dc0c774486e31b3bcb35582b1ba30925,JDRR BP by CaptainFershizz,,,refined gaming set 11 case tournament,Sapphire|Amethyst,https://inkdecks.com/lorcana-metagame/deck-jdrr-bp-499968,https://inkdecks.com/lorcana-tournaments/refined-gaming-set-11-case-tournament-tournament-decks-363188,363188,c25bc1390427d5372b58fcddf06c8f97dc0c774486e31b3bcb35582b1ba30925,2026-02-20T16:35:33.757Z,17,1
9cb2fe9129336875c2dfcb1dafde41f074163fe627a117e1ea3f9d7249054bef,PS tempo by Cody Kellerbauer,,,refined gaming set 11 case tournament,Steel|Amethyst,https://inkdecks.com/lorcana-metagame/deck-ps-tempo-499994,https://inkdecks.com/lorcana-tournaments/refined-gaming-set-11-case-tournament-tournament-decks-363188,363188,9cb2fe9129336875c2dfcb1dafde41f074163fe627a117e1ea3f9d7249054bef,2026-02-20T16:35:35.755Z,20,2
fe804cce0e1e3c33473861239782f7c042196d870360caae73b4b861f47f2444,Green Blue with 2 new friends by matt,,,refined gaming set 11 case tournament,Emerald|Sapphire,https://inkdecks.com/lorcana-metagame/deck-green-blue-with-2-new-friends-499969,https://inkdecks.com/lorcana-tournaments/refined-gaming-set-11-case-tournament-tournament-decks-363188,363188,fe804cce0e1e3c33473861239782f7c042196d870360caae73b4b861f47f2444,2026-02-20T16:35:37.754Z,19,3
aef18cab27af4430385cdb8c742ba7172438c0f616aa6148778d97252f58b99c,AS aggro by Heist17,,,refined gaming set 11 case tournament,Amber|Steel,https://inkdecks.com/lorcana-metagame/deck-as-aggro-499970,https://inkdecks.com/lorcana-tournaments/refined-gaming-set-11-case-tournament-tournament-decks-363188,363188,aef18cab27af4430385cdb8c742ba7172438c0f616aa6148778d97252f58b99c,2026-02-20T16:35:39.756Z,15,4
c95c7f5b176d8ceca27bcf75cf93a1b6e2154bc3ec0eb5c282b300281f4d3480,Ruby Steel Maximal Tink by tonymccarthy26,,,refined gaming set 11 case tournament,Steel|Ruby,https://inkdecks.com/lorcana-metagame/deck-ruby-steel-maximal-tink-499971,https://inkdecks.com/lorcana-tournaments/refined-gaming-set-11-case-tournament-tournament-decks-363188,363188,c95c7f5b176d8ceca27bcf75cf93a1b6e2154bc3ec0eb5c282b300281f4d3480,2026-02-20T16:35:41.760Z,18,5
33e277ec8a8973cdd92467ec0929a290571b2966222a70fa68e27b03f2947a96,Blue yellow control by sonny9107,,,refined gaming set 11 case tournament,Amber|Sapphire,https://inkdecks.com/lorcana-metagame/deck-blue-yellow-control-499972,https://inkdecks.com/lorcana-tournaments/refined-gaming-set-11-case-tournament-tournament-decks-363188,363188,33e277ec8a8973cdd92467ec0929a290571b2966222a70fa68e27b03f2947a96,2026-02-20T16:35:43.766Z,18,6
3eb68c1a9f0051cce8995c1538fcce1fe2639752ecb993b01ed65de15629e5fb,BS Sonic Boom by orelio,,,refined gaming set 11 case tournament,Steel|Sapphire,https://inkdecks.com/lorcana-metagame/deck-bs-sonic-boom-499973,https://inkdecks.com/lorcana-tournaments/refined-gaming-set-11-case-tournament-tournament-decks-363188,363188,3eb68c1a9f0051cce8995c1538fcce1fe2639752ecb993b01ed65de15629e5fb,2026-02-20T16:35:45.779Z,22,7
db56b9d9b36c6ff05fa98b01ec7753afbd127098b9740f4d6655bd82fa1f745a,🐭🔵青-緑🟢🐮 by Daniel Hurtado,,,desafio guayacan whispers in the well,Emerald|Sapphire,https://inkdecks.com/lorcana-metagame/deck-qing-lu-499942,https://inkdecks.com/lorcana-tournaments/desafio-guayacan-whispers-in-the-well-tournament-decks-363187,363187,db56b9d9b36c6ff05fa98b01ec7753afbd127098b9740f4d6655bd82fa1f745a,2026-02-20T16:36:38.273Z,18,8
82858af4568680065fdad02780befab0006ced4b00e8ff0f55d1910ad9ecb9d7,5 de carne y 5 de choclo v.2 by María José Sanhueza,,,desafio guayacan whispers in the well,Steel|Amethyst,https://inkdecks.com/lorcana-metagame/deck-5-de-carne-y-5-de-choclo-v-2-499943,https://inkdecks.com/lorcana-tournaments/desafio-guayacan-whispers-in-the-well-tournament-decks-363187,363187,82858af4568680065fdad02780befab0006ced4b00e8ff0f55d1910ad9ecb9d7,2026-02-20T16:36:40.290Z,18,9
3578008b90b3f48e4604942d8777ccc1877caa10c95563f11a9303e77f87fb3c,Demona Team by Diego Alcayaga,,,desafio guayacan whispers in the well,Steel|Amethyst,https://inkdecks.com/lorcana-metagame/deck-demona-team-499944,https://inkdecks.com/lorcana-tournaments/desafio-guayacan-whispers-in-the-well-tournament-decks-363187,363187,3578008b90b3f48e4604942d8777ccc1877caa10c95563f11a9303e77f87fb3c,2026-02-20T16:36:42.312Z,22,10
9196f818df16fd145ca5c8b5eb1a845b30a903ba1d7f0441e50f0f4e948dca45,Fe by Manuel Alcaino,,,desafio guayacan whispers in the well,Sapphire|Amethyst,https://inkdecks.com/lorcana-metagame/deck-fe-499945,https://inkdecks.com/lorcana-tournaments/desafio-guayacan-whispers-in-the-well-tournament-decks-363187,363187,9196f818df16fd145ca5c8b5eb1a845b30a903ba1d7f0441e50f0f4e948dca45,2026-02-20T16:36:44.318Z,20,11
7dedec4469d5c83e39e6326bbfdb8f130c00a382e618705e01a660f1779a0ca6,Las Vacas de Felipe by Esteban Rojas,,,desafio guayacan whispers in the well,Emerald|Sapphire,https://inkdecks.com/lorcana-metagame/deck-las-vacas-de-felipe-499964,https://inkdecks.com/lorcana-tournaments/desafio-guayacan-whispers-in-the-well-tournament-decks-363187,363187,7dedec4469d5c83e39e6326bbfdb8f130c00a382e618705e01a660f1779a0ca6,2026-02-20T16:36:46.323Z,18,12
9b7785c042bd7c51a24e885419e3c5bc7db622fef6053de27569d8c7dd446794,Mazito by Luis Rodriguez,,,desafio guayacan whispers in the well,Amber|Steel,https://inkdecks.com/lorcana-metagame/deck-mazito-499947,https://inkdecks.com/lorcana-tournaments/desafio-guayacan-whispers-in-the-well-tournament-decks-363187,363187,9b7785c042bd7c51a24e885419e3c5bc7db622fef6053de27569d8c7dd446794,2026-02-20T16:36:48.328Z,21,13
b073a87d3bb1e0333c0be033906835a77cf7c04e7f6d3b6a3c65c11f856a35fd,Blurplen´t X.X by Marcos Espinoza,,,desafio guayacan whispers in the well,Sapphire|Amethyst,https://inkdecks.com/lorcana-metagame/deck-blurplent-x-x-499949,https://inkdecks.com/lorcana-tournaments/desafio-guayacan-whispers-in-the-well-tournament-decks-363187,363187,b073a87d3bb1e0333c0be033906835a77cf7c04e7f6d3b6a3c65c11f856a35fd,2026-02-20T16:36:50.342Z,18,14
9e959d65b615a49ef8be5206b04239d202e0450b6516af4ac025deeb6f453cf2,Chromidogs by Nicolas Arias,,,desafio guayacan whispers in the well,Emerald|Amber,https://inkdecks.com/lorcana-metagame/deck-chromidogs-499960,https://inkdecks.com/lorcana-tournaments/desafio-guayacan-whispers-in-the-well-tournament-decks-363187,363187,9e959d65b615a49ef8be5206b04239d202e0450b6516af4ac025deeb6f453cf2,2026-02-20T16:36:52.341Z,17,15
5d84f3b368d921ce2f24a0682ddfb949696d1357a222d49f227e4046c00647b1,AO by Leon Garcia,,,desafio guayacan whispers in the well,Emerald|Sapphire,https://inkdecks.com/lorcana-metagame/deck-ao-499966,https://inkdecks.com/lorcana-tournaments/desafio-guayacan-whispers-in-the-well-tournament-decks-363187,363187,5d84f3b368d921ce2f24a0682ddfb949696d1357a222d49f227e4046c00647b1,2026-02-20T16:36:54.357Z,18,16
bfe057fbf3afa17979a60eb07cc87ef2965a3b905e9f671526a35a18d383eb6b,Burple by Xavier Fernandez,,,desafio guayacan whispers in the well,Sapphire|Amethyst,https://inkdecks.com/lorcana-metagame/deck-burple-499954,https://inkdecks.com/lorcana-tournaments/desafio-guayacan-whispers-in-the-well-tournament-decks-363187,363187,bfe057fbf3afa17979a60eb07cc87ef2965a3b905e9f671526a35a18d383eb6b,2026-02-20T16:36:56.365Z,20,17
ba786cf6bd96c691e77054f01d149d96c75802ac89c06cac173748aae4fd1e02,Morado Steel S10 by Catalina Peña,,,desafio guayacan whispers in the well,Steel|Amethyst,https://inkdecks.com/lorcana-metagame/deck-morado-steel-s10-499953,https://inkdecks.com/lorcana-tournaments/desafio-guayacan-whispers-in-the-well-tournament-decks-363187,363187,ba786cf6bd96c691e77054f01d149d96c75802ac89c06cac173748aae4fd1e02,2026-02-20T16:36:58.362Z,19,18
2570312eb7c68ac821abec498dd7837c9aac3f26120be0c9850ffaaa7e7ac4b2,Hoy se gana en Guayacan by Edgar Garcilazo,,,desafio guayacan whispers in the well,Emerald|Sapphire,https://inkdecks.com/lorcana-metagame/deck-hoy-se-gana-en-guayacan-499946,https://inkdecks.com/lorcana-tournaments/desafio-guayacan-whispers-in-the-well-tournament-decks-363187,363187,2570312eb7c68ac821abec498dd7837c9aac3f26120be0c9850ffaaa7e7ac4b2,2026-02-20T16:37:00.361Z,18,19
9ffba4ca8912de6f2f23292577064191a2753373b91f642e7e86d01b87189127,La Vaca y el Corcel by Jonathan D'Alessandro,,,desafio guayacan whispers in the well,Emerald|Sapphire,https://inkdecks.com/lorcana-metagame/deck-la-vaca-y-el-corcel-499955,https://inkdecks.com/lorcana-tournaments/desafio-guayacan-whispers-in-the-well-tournament-decks-363187,363187,9ffba4ca8912de6f2f23292577064191a2753373b91f642e7e86d01b87189127,2026-02-20T16:37:02.367Z,17,20
33e05469730d9b3f10b3f70e1fa30441f061776263c0ddb3c26d4d4cdc2ec314,Dognado by Nicolas Gomez,,,desafio guayacan whispers in the well,Emerald|Amber,https://inkdecks.com/lorcana-metagame/deck-dognado-499963,https://inkdecks.com/lorcana-tournaments/desafio-guayacan-whispers-in-the-well-tournament-decks-363187,363187,33e05469730d9b3f10b3f70e1fa30441f061776263c0ddb3c26d4d4cdc2ec314,2026-02-20T16:37:04.379Z,21,21
83787a6b02f38bdbbd640da2873f694c6779c57a8ce0ca198c7a3067d3151c0c,Melfork Talquino by Rolando Carrasco,,,desafio guayacan whispers in the well,Emerald|Amethyst,https://inkdecks.com/lorcana-metagame/deck-melfork-talquino-499957,https://inkdecks.com/lorcana-tournaments/desafio-guayacan-whispers-in-the-well-tournament-decks-363187,363187,83787a6b02f38bdbbd640da2873f694c6779c57a8ce0ca198c7a3067d3151c0c,2026-02-20T16:37:06.376Z,19,22
78fadb24f8374959dda32bd576061aff9410c15747c3441e44e7fab0072cbade,steelple SS2 by Juan Manuel Aguila,,,desafio guayacan whispers in the well,Steel|Amethyst,https://inkdecks.com/lorcana-metagame/deck-steelple-ss2-499962,https://inkdecks.com/lorcana-tournaments/desafio-guayacan-whispers-in-the-well-tournament-decks-363187,363187,78fadb24f8374959dda32bd576061aff9410c15747c3441e44e7fab0072cbade,2026-02-20T16:37:08.386Z,23,23
debb2e84bfebf90a3ad866af999010f2756ca578d90a66739c9db017529aa5f2,Furratas VF by Lilia Abello,,,desafio guayacan whispers in the well,Sapphire|Steel,https://inkdecks.com/lorcana-metagame/deck-furratas-vf-499948,https://inkdecks.com/lorcana-tournaments/desafio-guayacan-whispers-in-the-well-tournament-decks-363187,363187,debb2e84bfebf90a3ad866af999010f2756ca578d90a66739c9db017529aa5f2,2026-02-20T16:37:10.385Z,20,24
cd6f3ca20ec6f5ac4de1d433e31b3879f8314d9424d0ecdeb60a7942fb07c0c4,YA-HA! by Cristian Reyes,,,desafio guayacan whispers in the well,Emerald|Steel,https://inkdecks.com/lorcana-metagame/deck-ya-ha-499961,https://inkdecks.com/lorcana-tournaments/desafio-guayacan-whispers-in-the-well-tournament-decks-363187,363187,cd6f3ca20ec6f5ac4de1d433e31b3879f8314d9424d0ecdeb60a7942fb07c0c4,2026-02-20T16:37:12.388Z,16,25
8792501858881bca3a35d89dbb61f78bb86fe6ce2ba900c5081e9817c25bf653,last flower in the farm🌹 by Joaquin Godoy,,,desafio guayacan whispers in the well,Sapphire|Amethyst,https://inkdecks.com/lorcana-metagame/deck-last-flower-in-the-farm-499958,https://inkdecks.com/lorcana-tournaments/desafio-guayacan-whispers-in-the-well-tournament-decks-363187,363187,8792501858881bca3a35d89dbb61f78bb86fe6ce2ba900c5081e9817c25bf653,2026-02-20T16:37:14.395Z,18,26
ba03f690a65bf661f830eccdb620cca0216b1410e6d63258da820d4593977329,KatDog by Katherina Reyes,,,desafio guayacan whispers in the well,Emerald|Amber,https://inkdecks.com/lorcana-metagame/deck-katdog-499952,https://inkdecks.com/lorcana-tournaments/desafio-guayacan-whispers-in-the-well-tournament-decks-363187,363187,ba03f690a65bf661f830eccdb620cca0216b1410e6d63258da820d4593977329,2026-02-20T16:37:18.411Z,18,27
0704bc1d4b634e6d92b12700623e28b5dcc99424e670798d685a32d7e40c1ad3,AmethGreen by Catalina Cordero,,,desafio guayacan whispers in the well,Emerald|Amethyst,https://inkdecks.com/lorcana-metagame/deck-amethgreen-499959,https://inkdecks.com/lorcana-tournaments/desafio-guayacan-whispers-in-the-well-tournament-decks-363187,363187,0704bc1d4b634e6d92b12700623e28b5dcc99424e670798d685a32d7e40c1ad3,2026-02-20T16:37:20.423Z,17,28
44b5ae3a98ce347ec28fda8f38592fc194e3ba06ddb7401cac010bd75824020f,Exótico by Catalina Palma,,,desafio guayacan whispers in the well,Steel|Amethyst,https://inkdecks.com/lorcana-metagame/deck-exotico-499956,https://inkdecks.com/lorcana-tournaments/desafio-guayacan-whispers-in-the-well-tournament-decks-363187,363187,44b5ae3a98ce347ec28fda8f38592fc194e3ba06ddb7401cac010bd75824020f,2026-02-20T16:37:22.426Z,22,29
1b58751f436959918fcefc6b1f036ed39d0445b61d00b3e656de3afbe366bf85,Jastin Ally by Cre8,,,winterspell 2 box tourney,Steel|Sapphire,https://inkdecks.com/lorcana-metagame/deck-jastin-ally-499987,https://inkdecks.com/lorcana-tournaments/winterspell-2-box-tourney-tournament-decks-363189,363189,1b58751f436959918fcefc6b1f036ed39d0445b61d00b3e656de3afbe366bf85,2026-02-20T16:38:13.088Z,19,30
06e33913332be37982eb0304f7a47e4734c2fdd1ebc36cc9a4b09a3161aa5048,P\S 🔥🦹‍♂️ by ALPHAJBO,,,deck dice tournament 2 0,Steel|Amethyst,https://inkdecks.com/lorcana-metagame/deck-p-s-499912,https://inkdecks.com/lorcana-tournaments/deck-dice-tournament-2-0-tournament-decks-363186,363186,06e33913332be37982eb0304f7a47e4734c2fdd1ebc36cc9a4b09a3161aa5048,2026-02-20T16:38:35.584Z,19,31
a34a353bc8e2aa6127dfcf25cfcd98a9037df747adf0b616e6990b0800267e18,BP by LoSo - Strenuous,,,deck dice tournament 2 0,Sapphire|Amethyst,https://inkdecks.com/lorcana-metagame/deck-bp-499927,https://inkdecks.com/lorcana-tournaments/deck-dice-tournament-2-0-tournament-decks-363186,363186,a34a353bc8e2aa6127dfcf25cfcd98a9037df747adf0b616e6990b0800267e18,2026-02-20T16:38:37.601Z,18,32
4e9c114a631df4a6aafa542bda8dad9200bb0cb6ee477dc4ac5fd884b91871e3,Fortify Lemons by ThePurplePanzy,,,deck dice tournament 2 0,Amber|Emerald,https://inkdecks.com/lorcana-metagame/deck-fortify-lemons-499913,https://inkdecks.com/lorcana-tournaments/deck-dice-tournament-2-0-tournament-decks-363186,363186,4e9c114a631df4a6aafa542bda8dad9200bb0cb6ee477dc4ac5fd884b91871e3,2026-02-20T16:38:39.595Z,15,33
a07cc5bb7666d56eb449bfa3dc5a6330f943f2ac3947793118f37e68e70392e0,G/B by Robin W,,,ccq occitan ink tome ii montpellier day 1 standings,Emerald|Sapphire,https://inkdecks.com/lorcana-metagame/deck-g-b-499698,https://inkdecks.com/lorcana-tournaments/ccq-occitan-ink-tome-ii-montpellier-day-1-standings-tournament-decks-363183,363183,a07cc5bb7666d56eb449bfa3dc5a6330f943f2ac3947793118f37e68e70392e0,2026-02-20T16:39:12.862Z,17,34
e2e3549ea0c1a39ee3207dee29b35c7aebebdd51ba752f73c22a5c9065f8681a,L'amis des chiens by Anthony B,,,ccq occitan ink tome ii montpellier day 1 standings,Emerald|Amber,https://inkdecks.com/lorcana-metagame/deck-l-amis-des-chiens-499699,https://inkdecks.com/lorcana-tournaments/ccq-occitan-ink-tome-ii-montpellier-day-1-standings-tournament-decks-363183,363183,e2e3549ea0c1a39ee3207dee29b35c7aebebdd51ba752f73c22a5c9065f8681a,2026-02-20T16:39:14.506Z,19,35
aefaf05cfbf8986a6da7cc282b3a0e12fc9a2e1c5cd13c37976566232e481a86,Top Deck Rose by Damien K,,,ccq occitan ink tome ii montpellier day 1 standings,Steel|Amethyst,https://inkdecks.com/lorcana-metagame/deck-top-deck-rose-499700,https://inkdecks.com/lorcana-tournaments/ccq-occitan-ink-tome-ii-montpellier-day-1-standings-tournament-decks-363183,363183,aefaf05cfbf8986a6da7cc282b3a0e12fc9a2e1c5cd13c37976566232e481a86,2026-02-20T16:39:16.491Z,23,36
c930472216ee3f8aaa8835b84eee20224a660914783aba4f3d8e5b22ba930011,Meuh by johan b,,,ccq occitan ink tome ii montpellier day 1 standings,Emerald|Sapphire,https://inkdecks.com/lorcana-metagame/deck-meuh-499701,https://inkdecks.com/lorcana-tournaments/ccq-occitan-ink-tome-ii-montpellier-day-1-standings-tournament-decks-363183,363183,c930472216ee3f8aaa8835b84eee20224a660914783aba4f3d8e5b22ba930011,2026-02-20T16:39:18.497Z,17,37
691ac6a9a1819c5fd0e74894f09cf80dd4a8d6454bb26e9f6ec798edb5960c0b,Ekhis le chval by Loïc S,,,ccq occitan ink tome ii montpellier day 1 standings,Steel|Amethyst,https://inkdecks.com/lorcana-metagame/deck-ekhis-le-chval-499702,https://inkdecks.com/lorcana-tournaments/ccq-occitan-ink-tome-ii-montpellier-day-1-standings-tournament-decks-363183,363183,691ac6a9a1819c5fd0e74894f09cf80dd4a8d6454bb26e9f6ec798edb5960c0b,2026-02-20T16:39:20.496Z,16,38
f4d7b06f6cc76797211772b306acdbce697a96311fed7a7e341de863fb33a019,CCQ : Occitan'ink Tome II Deck Submission by Ghislain R,,,ccq occitan ink tome ii montpellier day 1 standings,Sapphire|Emerald,https://inkdecks.com/lorcana-metagame/deck-ccq-occitan-ink-tome-ii-deck-submission-499703,https://inkdecks.com/lorcana-tournaments/ccq-occitan-ink-tome-ii-montpellier-day-1-standings-tournament-decks-363183,363183,f4d7b06f6cc76797211772b306acdbce697a96311fed7a7e341de863fb33a019,2026-02-20T16:39:22.512Z,18,39
82638e3234eaf716a884d68c8e0ef71ec4055eb7deba2dde97d6de8121e8389b,CCQ : Occitan'ink Tome II Deck Submission by Tobie F,,,ccq occitan ink tome ii montpellier day 1 standings,Amber|Amethyst,https://inkdecks.com/lorcana-metagame/deck-ccq-occitan-ink-tome-ii-deck-submission-499704,https://inkdecks.com/lorcana-tournaments/ccq-occitan-ink-tome-ii-montpellier-day-1-standings-tournament-decks-363183,363183,82638e3234eaf716a884d68c8e0ef71ec4055eb7deba2dde97d6de8121e8389b,2026-02-20T16:39:24.526Z,21,40
529e2a9300c2be91e2b684d1843c403cae497d01f48f8a365c339ca308d81c47,Violet gris forever by Maugan B,,,ccq occitan ink tome ii montpellier day 1 standings,Steel|Amethyst,https://inkdecks.com/lorcana-metagame/deck-violet-gris-forever-499705,https://inkdecks.com/lorcana-tournaments/ccq-occitan-ink-tome-ii-montpellier-day-1-standings-tournament-decks-363183,363183,529e2a9300c2be91e2b684d1843c403cae497d01f48f8a365c339ca308d81c47,2026-02-20T16:39:26.530Z,20,41
0ac947ebb001853b81ac5d4550e923b54f3cd1df121ec36f6bd222bf2eb8a843,Amber Amethyst by Michelle P,,,ccq occitan ink tome ii montpellier day 1 standings,Amber|Amethyst,https://inkdecks.com/lorcana-metagame/deck-amber-amethyst-499706,https://inkdecks.com/lorcana-tournaments/ccq-occitan-ink-tome-ii-montpellier-day-1-standings-tournament-decks-363183,363183,0ac947ebb001853b81ac5d4550e923b54f3cd1df121ec36f6bd222bf2eb8a843,2026-02-20T16:39:28.542Z,18,42
5506ecddde2cf4a192bcc7aab1bd6cfb6c2dba486e86abc56b377784934e3d15,PS LAST DANCE by Julien S,,,ccq occitan ink tome ii montpellier day 1 standings,Steel|Amethyst,https://inkdecks.com/lorcana-metagame/deck-ps-last-dance-499707,https://inkdecks.com/lorcana-tournaments/ccq-occitan-ink-tome-ii-montpellier-day-1-standings-tournament-decks-363183,363183,5506ecddde2cf4a192bcc7aab1bd6cfb6c2dba486e86abc56b377784934e3d15,2026-02-20T16:39:30.561Z,21,43
6cec3ad98fd6f9fb20fc87f0b64b31a7940ddcf1e6f2790a7d3adf6a14c4cf00,Sapphire Emerald by Nicolas P,,,ccq occitan ink tome ii montpellier day 1 standings,Emerald|Sapphire,https://inkdecks.com/lorcana-metagame/deck-sapphire-emerald-499708,https://inkdecks.com/lorcana-tournaments/ccq-occitan-ink-tome-ii-montpellier-day-1-standings-tournament-decks-363183,363183,6cec3ad98fd6f9fb20fc87f0b64b31a7940ddcf1e6f2790a7d3adf6a14c4cf00,2026-02-20T16:39:32.591Z,16,44
1d624dc830371f7c6d8ddf4e6edf50efcfd2a8fb8ba38e566cce1bf8f3200115,chris555 by Chrys 5,,,ccq occitan ink tome ii montpellier day 1 standings,Amethyst|Ruby,https://inkdecks.com/lorcana-metagame/deck-chris555-499709,https://inkdecks.com/lorcana-tournaments/ccq-occitan-ink-tome-ii-montpellier-day-1-standings-tournament-decks-363183,363183,1d624dc830371f7c6d8ddf4e6edf50efcfd2a8fb8ba38e566cce1bf8f3200115,2026-02-20T16:39:34.589Z,20,45
8bb5503c8675ee5585d2cae5dd0aa99ab07ffce8b402a3efeee40c974e8ddcc9,Bleu / Vert - MMV - Aggro by Mélissa R,,,ccq occitan ink tome ii montpellier day 1 standings,Emerald|Sapphire,https://inkdecks.com/lorcana-metagame/deck-bleu-vert-mmv-aggro-499710,https://inkdecks.com/lorcana-tournaments/ccq-occitan-ink-tome-ii-montpellier-day-1-standings-tournament-decks-363183,363183,8bb5503c8675ee5585d2cae5dd0aa99ab07ffce8b402a3efeee40c974e8ddcc9,2026-02-20T16:39:36.592Z,16,46
a429ace43bd1f3cc01a76badd06442477f0a8056bbd78d78babd937b0479c37d,Sapphire Emerald by Hieu H,,,ccq occitan ink tome ii montpellier day 1 standings,Emerald|Sapphire,https://inkdecks.com/lorcana-metagame/deck-sapphire-emerald-499711,https://inkdecks.com/lorcana-tournaments/ccq-occitan-ink-tome-ii-montpellier-day-1-standings-tournament-decks-363183,363183,a429ace43bd1f3cc01a76badd06442477f0a8056bbd78d78babd937b0479c37d,2026-02-20T16:39:38.607Z,18,47
f7c0033a175a170b092e1de3be67e7e575e61975326cf18d5fa99cac949c5a4b,MontPeuul by B E,,,ccq occitan ink tome ii montpellier day 1 standings,Steel|Amethyst,https://inkdecks.com/lorcana-metagame/deck-montpeuul-499712,https://inkdecks.com/lorcana-tournaments/ccq-occitan-ink-tome-ii-montpellier-day-1-standings-tournament-decks-363183,363183,f7c0033a175a170b092e1de3be67e7e575e61975326cf18d5fa99cac949c5a4b,2026-02-20T16:39:40.612Z,19,48
a8edf505904d143019ba1eeda7c25fd4ad8978444d30080be575b58a92618b0d,bp magueule by Martin B,,,ccq occitan ink tome ii montpellier day 1 standings,Sapphire|Amethyst,https://inkdecks.com/lorcana-metagame/deck-bp-magueule-499713,https://inkdecks.com/lorcana-tournaments/ccq-occitan-ink-tome-ii-montpellier-day-1-standings-tournament-decks-363183,363183,a8edf505904d143019ba1eeda7c25fd4ad8978444d30080be575b58a92618b0d,2026-02-20T16:39:42.621Z,18,49
9589e6f878b5b4ec063c776422712a9c4438033c4bc8d4b147a1b638df6dc718,Sapphire Emerald by Luca L,,,ccq occitan ink tome ii montpellier day 1 standings,Emerald|Sapphire,https://inkdecks.com/lorcana-metagame/deck-sapphire-emerald-499714,https://inkdecks.com/lorcana-tournaments/ccq-occitan-ink-tome-ii-montpellier-day-1-standings-tournament-decks-363183,363183,9589e6f878b5b4ec063c776422712a9c4438033c4bc8d4b147a1b638df6dc718,2026-02-20T16:39:44.635Z,20,50
014bd393242cfc3cd129d2391cb023c19b0929743d3dfb13fa84f42a261f2543,deck muselière by Paresseux p,,,ccq occitan ink tome ii montpellier day 1 standings,Emerald|Sapphire,https://inkdecks.com/lorcana-metagame/deck-deck-museliere-499715,https://inkdecks.com/lorcana-tournaments/ccq-occitan-ink-tome-ii-montpellier-day-1-standings-tournament-decks-363183,363183,014bd393242cfc3cd129d2391cb023c19b0929743d3dfb13fa84f42a261f2543,2026-02-20T16:39:46.649Z,20,51
037d21c5f357bf05fe26e97b518ca922fb19e199bcef7f9d0ed225d78cadce6b,Lantern Strikes! by Alex N,,,ccq occitan ink tome ii montpellier day 1 standings,Amber|Amethyst,https://inkdecks.com/lorcana-metagame/deck-lantern-strikes-499716,https://inkdecks.com/lorcana-tournaments/ccq-occitan-ink-tome-ii-montpellier-day-1-standings-tournament-decks-363183,363183,037d21c5f357bf05fe26e97b518ca922fb19e199bcef7f9d0ed225d78cadce6b,2026-02-20T16:39:48.654Z,20,52
047c66704d7b809e2b1d93860b24ead0ed5dc0c8ccf87cd6abfcbd2b7f6e7640,Highlander by Jeremy I,,,ccq occitan ink tome ii montpellier day 1 standings,Steel|Amethyst,https://inkdecks.com/lorcana-metagame/deck-highlander-499717,https://inkdecks.com/lorcana-tournaments/ccq-occitan-ink-tome-ii-montpellier-day-1-standings-tournament-decks-363183,363183,047c66704d7b809e2b1d93860b24ead0ed5dc0c8ccf87cd6abfcbd2b7f6e7640,2026-02-20T16:39:50.669Z,23,53
97ce6011b3b1437d38ec61ec4086eeb0a2b74535095722a641f32255bae5e437,Blue Steel Allies by Logan S,,,ccq occitan ink tome ii montpellier day 1 standings,Steel|Sapphire,https://inkdecks.com/lorcana-metagame/deck-blue-steel-allies-499718,https://inkdecks.com/lorcana-tournaments/ccq-occitan-ink-tome-ii-montpellier-day-1-standings-tournament-decks-363183,363183,97ce6011b3b1437d38ec61ec4086eeb0a2b74535095722a641f32255bae5e437,2026-02-20T16:39:52.677Z,17,54
edd03eb32bb2a1d80e2816a06dfe2026f6273d487f619e5c1cd33c784b8fab81,Under The C(larabelle) by Yann B,,,ccq occitan ink tome ii montpellier day 1 standings,Emerald|Sapphire,https://inkdecks.com/lorcana-metagame/deck-under-the-c-larabelle-499719,https://inkdecks.com/lorcana-tournaments/ccq-occitan-ink-tome-ii-montpellier-day-1-standings-tournament-decks-363183,363183,edd03eb32bb2a1d80e2816a06dfe2026f6273d487f619e5c1cd33c784b8fab81,2026-02-20T16:39:54.690Z,19,55
00bff7b462d5605b0a35852be29ffa93b12b4e4377cb6558c087289b80d961c7,Legends never die by Anthony D,,,ccq occitan ink tome ii montpellier day 1 standings,Sapphire|Amethyst,https://inkdecks.com/lorcana-metagame/deck-legends-never-die-499720,https://inkdecks.com/lorcana-tournaments/ccq-occitan-ink-tome-ii-montpellier-day-1-standings-tournament-decks-363183,363183,00bff7b462d5605b0a35852be29ffa93b12b4e4377cb6558c087289b80d961c7,2026-02-20T16:39:56.699Z,17,56
005168a713025eeeb0c2f6cb8d92960432a52c19908f2a663a35ef92ea8e7915,Violet rouge by Anthony H,,,ccq occitan ink tome ii montpellier day 1 standings,Amethyst|Ruby,https://inkdecks.com/lorcana-metagame/deck-violet-rouge-499721,https://inkdecks.com/lorcana-tournaments/ccq-occitan-ink-tome-ii-montpellier-day-1-standings-tournament-decks-363183,363183,005168a713025eeeb0c2f6cb8d92960432a52c19908f2a663a35ef92ea8e7915,2026-02-20T16:39:58.715Z,19,57
7357f12201e36263414e5d1fc307158371ae4c235ce41527f085a24a402fc10e,Steel Amethyst by loic t,,,ccq occitan ink tome ii montpellier day 1 standings,Steel|Amethyst,https://inkdecks.com/lorcana-metagame/deck-steel-amethyst-499722,https://inkdecks.com/lorcana-tournaments/ccq-occitan-ink-tome-ii-montpellier-day-1-standings-tournament-decks-363183,363183,7357f12201e36263414e5d1fc307158371ae4c235ce41527f085a24a402fc10e,2026-02-20T16:40:00.726Z,19,58
9387698775d1dcf68f690ab0bf28ced3e20dc19f35de20991464f6ffc16471b9,"Ah, c'est une bonne carte ! by Ruben T",,,ccq occitan ink tome ii montpellier day 1 standings,Sapphire|Amethyst,https://inkdecks.com/lorcana-metagame/deck-ah-c-est-une-bonne-carte-499723,https://inkdecks.com/lorcana-tournaments/ccq-occitan-ink-tome-ii-montpellier-day-1-standings-tournament-decks-363183,363183,9387698775d1dcf68f690ab0bf28ced3e20dc19f35de20991464f6ffc16471b9,2026-02-20T16:40:02.733Z,18,59
2db8965ec14c8097ff6826fd83d0d4818db4beac18ab6d7a96c5be19a2d69449,vert violet clara by jérémy D,,,ccq occitan ink tome ii montpellier day 1 standings,Emerald|Amethyst,https://inkdecks.com/lorcana-metagame/deck-vert-violet-clara-499724,https://inkdecks.com/lorcana-tournaments/ccq-occitan-ink-tome-ii-montpellier-day-1-standings-tournament-decks-363183,363183,2db8965ec14c8097ff6826fd83d0d4818db4beac18ab6d7a96c5be19a2d69449,2026-02-20T16:40:04.739Z,16,60
5c776eaf66d8f1343b5ef04c0e53e86b29b77f5f9bdd11ace0ba24f60e50ede2,BP ENCRE JEFF by Jean-francois C,,,ccq occitan ink tome ii montpellier day 1 standings,Sapphire|Amethyst,https://inkdecks.com/lorcana-metagame/deck-bp-encre-jeff-499725,https://inkdecks.com/lorcana-tournaments/ccq-occitan-ink-tome-ii-montpellier-day-1-standings-tournament-decks-363183,363183,5c776eaf66d8f1343b5ef04c0e53e86b29b77f5f9bdd11ace0ba24f60e50ede2,2026-02-20T16:40:06.753Z,19,61
6c7f437122809561dcebdf1b6cece9e6201c980b612747fe94cf6b3a169c5eda,Kako-nut by Anthony V,,,ccq occitan ink tome ii montpellier day 1 standings,Emerald|Sapphire,https://inkdecks.com/lorcana-metagame/deck-kako-nut-499727,https://inkdecks.com/lorcana-tournaments/ccq-occitan-ink-tome-ii-montpellier-day-1-standings-tournament-decks-363183,363183,6c7f437122809561dcebdf1b6cece9e6201c980b612747fe94cf6b3a169c5eda,2026-02-20T16:40:08.753Z,18,62
f7663c9c15f117091d3e217fe964babd4b08d26a9c7639f2cdb802a027852374,Violet Gris Magma by kévin b,,,ccq occitan ink tome ii montpellier day 1 standings,Steel|Amethyst,https://inkdecks.com/lorcana-metagame/deck-violet-gris-magma-499728,https://inkdecks.com/lorcana-tournaments/ccq-occitan-ink-tome-ii-montpellier-day-1-standings-tournament-decks-363183,363183,f7663c9c15f117091d3e217fe964babd4b08d26a9c7639f2cdb802a027852374,2026-02-20T16:40:10.762Z,18,63
faea617d18847d69698b0b7472137a71c3604e240f3ca9d44f0369dc23a51bf0,Occita Ink by Stephane L,,,ccq occitan ink tome ii montpellier day 1 standings,Sapphire|Amethyst,https://inkdecks.com/lorcana-metagame/deck-occita-ink-499729,https://inkdecks.com/lorcana-tournaments/ccq-occitan-ink-tome-ii-montpellier-day-1-standings-tournament-decks-363183,363183,faea617d18847d69698b0b7472137a71c3604e240f3ca9d44f0369dc23a51bf0,2026-02-20T16:40:12.777Z,19,64
85dfa944d25e4b9f586b04fd0f6a0bb39dd9a28c3275dcc167d7e34f1b1b51ec,Bluuur! by Maxence C,,,ccq occitan ink tome ii montpellier day 1 standings,Sapphire|Amethyst,https://inkdecks.com/lorcana-metagame/deck-bluuur-499730,https://inkdecks.com/lorcana-tournaments/ccq-occitan-ink-tome-ii-montpellier-day-1-standings-tournament-decks-363183,363183,85dfa944d25e4b9f586b04fd0f6a0bb39dd9a28c3275dcc167d7e34f1b1b51ec,2026-02-20T16:40:14.787Z,17,65
adb01369ebc7873db795409522c5534a612b0a487b2319d5b227e5099c6136d1,Blurple Set 10 by Emma N,,,ccq occitan ink tome ii montpellier day 1 standings,Sapphire|Amethyst,https://inkdecks.com/lorcana-metagame/deck-blurple-set-10-499731,https://inkdecks.com/lorcana-tournaments/ccq-occitan-ink-tome-ii-montpellier-day-1-standings-tournament-decks-363183,363183,adb01369ebc7873db795409522c5534a612b0a487b2319d5b227e5099c6136d1,2026-02-20T16:40:16.795Z,18,66
f9781219e1e30bdc84f115b7cc17ea46782787bd86bdc44fffcdef5576897666,blurple by toni b,,,ccq occitan ink tome ii montpellier day 1 standings,Sapphire|Amethyst,https://inkdecks.com/lorcana-metagame/deck-blurple-499732,https://inkdecks.com/lorcana-tournaments/ccq-occitan-ink-tome-ii-montpellier-day-1-standings-tournament-decks-363183,363183,f9781219e1e30bdc84f115b7cc17ea46782787bd86bdc44fffcdef5576897666,2026-02-20T16:40:18.806Z,18,67
227f7fcc5b821b04f08a2c295901a1f15a06e868f3b7a274a6d38b5c18631d9f,CCQ : Occitan'ink Tome II Deck Submission by Arnold P,,,ccq occitan ink tome ii montpellier day 1 standings,Sapphire|Amethyst,https://inkdecks.com/lorcana-metagame/deck-ccq-occitan-ink-tome-ii-deck-submission-499734,https://inkdecks.com/lorcana-tournaments/ccq-occitan-ink-tome-ii-montpellier-day-1-standings-tournament-decks-363183,363183,227f7fcc5b821b04f08a2c295901a1f15a06e868f3b7a274a6d38b5c18631d9f,2026-02-20T16:40:22.813Z,19,68
0efe6796c7534d01d7cbbb9ac5d4b44029c88d01da05f2427cc976380d993a1e,Bp by olivier L,,,ccq occitan ink tome ii montpellier day 1 standings,Sapphire|Amethyst,https://inkdecks.com/lorcana-metagame/deck-bp-499735,https://inkdecks.com/lorcana-tournaments/ccq-occitan-ink-tome-ii-montpellier-day-1-standings-tournament-decks-363183,363183,0efe6796c7534d01d7cbbb9ac5d4b44029c88d01da05f2427cc976380d993a1e,2026-02-20T16:40:24.822Z,20,69
188b458e07c1a3315a416c7191ebc157093301a15cf1962a9d4dc27773e6c432,Demona - Tenth Wonder of the Universe by Joss C,,,ccq occitan ink tome ii montpellier day 1 standings,Steel|Amethyst,https://inkdecks.com/lorcana-metagame/deck-demona-tenth-wonder-of-the-universe-499736,https://inkdecks.com/lorcana-tournaments/ccq-occitan-ink-tome-ii-montpellier-day-1-standings-tournament-decks-363183,363183,188b458e07c1a3315a416c7191ebc157093301a15cf1962a9d4dc27773e6c432,2026-02-20T16:40:26.831Z,18,70
aa8235952692cce31a8c14eeaa9e012dd07ea19982c660e5b83d94f0a9670946,3 sous l'océan by bouzonie c,,,ccq occitan ink tome ii montpellier day 1 standings,Sapphire|Emerald,https://inkdecks.com/lorcana-metagame/deck-3-sous-l-ocean-499737,https://inkdecks.com/lorcana-tournaments/ccq-occitan-ink-tome-ii-montpellier-day-1-standings-tournament-decks-363183,363183,aa8235952692cce31a8c14eeaa9e012dd07ea19982c660e5b83d94f0a9670946,2026-02-20T16:40:28.846Z,17,71
6d7153fa06a890fa14840cea14dd369f81aed0087bda2127c6359f892fc26c87,Natiassa Deck by Natacha G,,,ccq occitan ink tome ii montpellier day 1 standings,Sapphire|Amethyst,https://inkdecks.com/lorcana-metagame/deck-natiassa-deck-499738,https://inkdecks.com/lorcana-tournaments/ccq-occitan-ink-tome-ii-montpellier-day-1-standings-tournament-decks-363183,363183,6d7153fa06a890fa14840cea14dd369f81aed0087bda2127c6359f892fc26c87,2026-02-20T16:40:30.852Z,18,72
9e6ce1b0988bdff128fa5291d62875a2f70f5224cbb34f06f29010b11f296222,La revanche by Sébastien L,,,ccq occitan ink tome ii montpellier day 1 standings,Amethyst|Ruby,https://inkdecks.com/lorcana-metagame/deck-la-revanche-499739,https://inkdecks.com/lorcana-tournaments/ccq-occitan-ink-tome-ii-montpellier-day-1-standings-tournament-decks-363183,363183,9e6ce1b0988bdff128fa5291d62875a2f70f5224cbb34f06f29010b11f296222,2026-02-20T16:40:32.868Z,22,73
6c3ab5e6b59d62885fe8e586621cfe67ea9c635a7a1db3ec7457c2b15271cfe4,Orion by Tom G,,,ccq occitan ink tome ii montpellier day 1 standings,Sapphire|Amethyst,https://inkdecks.com/lorcana-metagame/deck-orion-499740,https://inkdecks.com/lorcana-tournaments/ccq-occitan-ink-tome-ii-montpellier-day-1-standings-tournament-decks-363183,363183,6c3ab5e6b59d62885fe8e586621cfe67ea9c635a7a1db3ec7457c2b15271cfe4,2026-02-20T16:40:34.878Z,17,74
324228abd5b3a4af4cd20c3dd97ec118879038cf0535122a3aad0d1bf768fb42,Je serai le seul à jouer ça by Damien L,,,ccq occitan ink tome ii montpellier day 1 standings,Emerald|Steel,https://inkdecks.com/lorcana-metagame/deck-je-serai-le-seul-a-jouer-ca-499741,https://inkdecks.com/lorcana-tournaments/ccq-occitan-ink-tome-ii-montpellier-day-1-standings-tournament-decks-363183,363183,324228abd5b3a4af4cd20c3dd97ec118879038cf0535122a3aad0d1bf768fb42,2026-02-20T16:40:36.885Z,16,75
9e0c9d0c742f119219bc5138276194875c0af26f5c34eeb312b71b9049fc49ec,Deck Montpellier by julien b,,,ccq occitan ink tome ii montpellier day 1 standings,Steel|Amethyst,https://inkdecks.com/lorcana-metagame/deck-deck-montpellier-499742,https://inkdecks.com/lorcana-tournaments/ccq-occitan-ink-tome-ii-montpellier-day-1-standings-tournament-decks-363183,363183,9e0c9d0c742f119219bc5138276194875c0af26f5c34eeb312b71b9049fc49ec,2026-02-20T16:40:38.902Z,22,76
19829cc8061a9fa1eb0389752a2a8d54c68c305f6eca63f34de6c65be7a415ed,Ophelle by Ophelie M,,,ccq occitan ink tome ii montpellier day 1 standings,Sapphire|Amethyst,https://inkdecks.com/lorcana-metagame/deck-ophelle-499743,https://inkdecks.com/lorcana-tournaments/ccq-occitan-ink-tome-ii-montpellier-day-1-standings-tournament-decks-363183,363183,19829cc8061a9fa1eb0389752a2a8d54c68c305f6eca63f34de6c65be7a415ed,2026-02-20T16:40:40.917Z,18,77
99d2d7f45fc97971e6c44fdd4be27d95e2046806ff576705610dc8d180db9e92,Oh my DOG ! by ANGE l,,,ccq occitan ink tome ii montpellier day 1 standings,Emerald|Amber,https://inkdecks.com/lorcana-metagame/deck-oh-my-dog-499744,https://inkdecks.com/lorcana-tournaments/ccq-occitan-ink-tome-ii-montpellier-day-1-standings-tournament-decks-363183,363183,99d2d7f45fc97971e6c44fdd4be27d95e2046806ff576705610dc8d180db9e92,2026-02-20T16:40:42.928Z,18,78
2617c6cf71042f99ac2a84de75bd192dc5b80a08e9d175c4f01b7dc8eed9094a,Rpz by BENJAMIN L,,,ccq occitan ink tome ii montpellier day 1 standings,Emerald|Sapphire,https://inkdecks.com/lorcana-metagame/deck-rpz-499745,https://inkdecks.com/lorcana-tournaments/ccq-occitan-ink-tome-ii-montpellier-day-1-standings-tournament-decks-363183,363183,2617c6cf71042f99ac2a84de75bd192dc5b80a08e9d175c4f01b7dc8eed9094a,2026-02-20T16:40:44.937Z,18,79
5f49da9dfa6341a819ce807c49d20bb43a24fcc6b86388fe326aab5c2a386692,CCQ : Occitan'ink Tome II Deck Submission by Chrystophe D,,,ccq occitan ink tome ii montpellier day 1 standings,Steel|Amethyst,https://inkdecks.com/lorcana-metagame/deck-ccq-occitan-ink-tome-ii-deck-submission-499746,https://inkdecks.com/lorcana-tournaments/ccq-occitan-ink-tome-ii-montpellier-day-1-standings-tournament-decks-363183,363183,5f49da9dfa6341a819ce807c49d20bb43a24fcc6b86388fe326aab5c2a386692,2026-02-20T16:40:46.954Z,19,80
29d543991ce9cd840a4be73296c4fd2b454cda76e2a2886da683cb6a224feb26,0-3 Drop by juanma j,,,ccq occitan ink tome ii montpellier day 1 standings,Steel|Amethyst,https://inkdecks.com/lorcana-metagame/deck-0-3-drop-499747,https://inkdecks.com/lorcana-tournaments/ccq-occitan-ink-tome-ii-montpellier-day-1-standings-tournament-decks-363183,363183,29d543991ce9cd840a4be73296c4fd2b454cda76e2a2886da683cb6a224feb26,2026-02-20T16:40:48.956Z,19,81
fa8ed919802c1e41f7ccc16b3023c6661945ed503ba24da58036df0e7ef1a8f4,Amber Emerald by Jeremy D,,,ccq occitan ink tome ii montpellier day 1 standings,Emerald|Amber,https://inkdecks.com/lorcana-metagame/deck-amber-emerald-499748,https://inkdecks.com/lorcana-tournaments/ccq-occitan-ink-tome-ii-montpellier-day-1-standings-tournament-decks-363183,363183,fa8ed919802c1e41f7ccc16b3023c6661945ed503ba24da58036df0e7ef1a8f4,2026-02-20T16:40:50.960Z,17,82
2553b24f5d3d1205c7b4c08b03ae52f55ed37bc4fe99b0e68af5a454d6e7dce8,Esprit de la Lanterne by Jérémy L,,,ccq occitan ink tome ii montpellier day 1 standings,Amber|Amethyst,https://inkdecks.com/lorcana-metagame/deck-esprit-de-la-lanterne-499749,https://inkdecks.com/lorcana-tournaments/ccq-occitan-ink-tome-ii-montpellier-day-1-standings-tournament-decks-363183,363183,2553b24f5d3d1205c7b4c08b03ae52f55ed37bc4fe99b0e68af5a454d6e7dce8,2026-02-20T16:40:52.973Z,21,83
60cf6b27a0df82c986c9291ae650b71457ad526a5ea299c9e835e71739abf35d,bleen 10.6 by Florian L,,,ccq occitan ink tome ii montpellier day 1 standings,Emerald|Sapphire,https://inkdecks.com/lorcana-metagame/deck-bleen-10-6-499750,https://inkdecks.com/lorcana-tournaments/ccq-occitan-ink-tome-ii-montpellier-day-1-standings-tournament-decks-363183,363183,60cf6b27a0df82c986c9291ae650b71457ad526a5ea299c9e835e71739abf35d,2026-02-20T16:40:54.976Z,19,84
95bd06e4254a7df4388247cdf78cc3f31b26fe4608410cc3dd3a649861019ae6,Amber Amethyst by Carine P,,,ccq occitan ink tome ii montpellier day 1 standings,Amber|Amethyst,https://inkdecks.com/lorcana-metagame/deck-amber-amethyst-499751,https://inkdecks.com/lorcana-tournaments/ccq-occitan-ink-tome-ii-montpellier-day-1-standings-tournament-decks-363183,363183,95bd06e4254a7df4388247cdf78cc3f31b26fe4608410cc3dd3a649861019ae6,2026-02-20T16:40:56.979Z,19,85
e25131895ff4163f136753d096788b0d0bb33f48159c54f7fe36fa7805a062bc,Te Ka by Kevin M,,,ccq occitan ink tome ii montpellier day 1 standings,Amethyst|Ruby,https://inkdecks.com/lorcana-metagame/deck-te-ka-499752,https://inkdecks.com/lorcana-tournaments/ccq-occitan-ink-tome-ii-montpellier-day-1-standings-tournament-decks-363183,363183,e25131895ff4163f136753d096788b0d0bb33f48159c54f7fe36fa7805a062bc,2026-02-20T16:40:58.980Z,17,86
cdff9f131100270202ca268176e573813743e3318962d1bdc5f3bb9d7d54b3f1,Steel Amethyst by Xavier C,,,ccq occitan ink tome ii montpellier day 1 standings,Steel|Amethyst,https://inkdecks.com/lorcana-metagame/deck-steel-amethyst-499753,https://inkdecks.com/lorcana-tournaments/ccq-occitan-ink-tome-ii-montpellier-day-1-standings-tournament-decks-363183,363183,cdff9f131100270202ca268176e573813743e3318962d1bdc5f3bb9d7d54b3f1,2026-02-20T16:41:00.992Z,20,87
8f7bc1683398c15b40debb854ffba0a79831a9c70a5b0a99413a59082ebb7c8a,Sapphire Steel by Adrien D,,,ccq occitan ink tome ii montpellier day 1 standings,Steel|Sapphire,https://inkdecks.com/lorcana-metagame/deck-sapphire-steel-499754,https://inkdecks.com/lorcana-tournaments/ccq-occitan-ink-tome-ii-montpellier-day-1-standings-tournament-decks-363183,363183,8f7bc1683398c15b40debb854ffba0a79831a9c70a5b0a99413a59082ebb7c8a,2026-02-20T16:41:02.992Z,18,88
0bbfbd4acde07eef29c3caab173d00a34202c61e18d512b3d83cac6233869261,BV by Louis M,,,ccq occitan ink tome ii montpellier day 1 standings,Emerald|Sapphire,https://inkdecks.com/lorcana-metagame/deck-bv-499755,https://inkdecks.com/lorcana-tournaments/ccq-occitan-ink-tome-ii-montpellier-day-1-standings-tournament-decks-363183,363183,0bbfbd4acde07eef29c3caab173d00a34202c61e18d512b3d83cac6233869261,2026-02-20T16:41:05.004Z,17,89
5e89c8c0ae6b745a84b8017deaad9e6fa1e35d9f804b47d951a2d43f053e9e0f,Joliepied by Robin H,,,ccq occitan ink tome ii montpellier day 1 standings,Steel|Amethyst,https://inkdecks.com/lorcana-metagame/deck-joliepied-499756,https://inkdecks.com/lorcana-tournaments/ccq-occitan-ink-tome-ii-montpellier-day-1-standings-tournament-decks-363183,363183,5e89c8c0ae6b745a84b8017deaad9e6fa1e35d9f804b47d951a2d43f053e9e0f,2026-02-20T16:41:07.008Z,18,90
6923a2a15a1881dc962e44799f8eba3a906cbd8dfd00724e7dae715b54d410c9,Last dance set 10 by Jeremy D,,,ccq occitan ink tome ii montpellier day 1 standings,Steel|Sapphire,https://inkdecks.com/lorcana-metagame/deck-last-dance-set-10-499757,https://inkdecks.com/lorcana-tournaments/ccq-occitan-ink-tome-ii-montpellier-day-1-standings-tournament-decks-363183,363183,6923a2a15a1881dc962e44799f8eba3a906cbd8dfd00724e7dae715b54d410c9,2026-02-20T16:41:09.015Z,17,91
3d19ab5cf22fdb2883c07dbda8b6bed7739e5d2370523dc57ca5109ead8787b2,CCQ : Occitan'ink Tome II Deck Submission by Jordan D,,,ccq occitan ink tome ii montpellier day 1 standings,Steel|Sapphire,https://inkdecks.com/lorcana-metagame/deck-ccq-occitan-ink-tome-ii-deck-submission-499758,https://inkdecks.com/lorcana-tournaments/ccq-occitan-ink-tome-ii-montpellier-day-1-standings-tournament-decks-363183,363183,3d19ab5cf22fdb2883c07dbda8b6bed7739e5d2370523dc57ca5109ead8787b2,2026-02-20T16:41:11.027Z,19,92
4cb50cfbf9a4beceba9a50fb04d54ce54bafa5d3b181fdb54ef94d257f51ec1b,CCQ : Occitan'ink Tome II Deck Submission by Mickaël C,,,ccq occitan ink tome ii montpellier day 1 standings,Emerald|Amethyst,https://inkdecks.com/lorcana-metagame/deck-ccq-occitan-ink-tome-ii-deck-submission-499759,https://inkdecks.com/lorcana-tournaments/ccq-occitan-ink-tome-ii-montpellier-day-1-standings-tournament-decks-363183,363183,4cb50cfbf9a4beceba9a50fb04d54ce54bafa5d3b181fdb54ef94d257f51ec1b,2026-02-20T16:41:13.047Z,19,93
399b076a5d4c798bf625215b8beb3c0f6b6a89215b350e61473db256b245f527,CCQ : Occitan'ink Tome II Deck Submission by Raph B,,,ccq occitan ink tome ii montpellier day 1 standings,Amber|Amethyst,https://inkdecks.com/lorcana-metagame/deck-ccq-occitan-ink-tome-ii-deck-submission-499760,https://inkdecks.com/lorcana-tournaments/ccq-occitan-ink-tome-ii-montpellier-day-1-standings-tournament-decks-363183,363183,399b076a5d4c798bf625215b8beb3c0f6b6a89215b350e61473db256b245f527,2026-02-20T16:41:15.050Z,22,94
222ec0a011816fe5376b98b829ed9b5bc28624b4576ddf2ea6899b17cfb12927,PrincessesSet10 by Caroline F,,,ccq occitan ink tome ii montpellier day 1 standings,Amber|Sapphire,https://inkdecks.com/lorcana-metagame/deck-princessesset10-499761,https://inkdecks.com/lorcana-tournaments/ccq-occitan-ink-tome-ii-montpellier-day-1-standings-tournament-decks-363183,363183,222ec0a011816fe5376b98b829ed9b5bc28624b4576ddf2ea6899b17cfb12927,2026-02-20T16:41:17.051Z,17,95
7f1f4f38844a635f03e1eb3da0ed20b96a8ad47398c8cbd5d5abf8d153f3b142,Ruby Amber by Ale,,,set 11 proxy tournament,Ruby|Amber,https://inkdecks.com/lorcana-metagame/deck-ruby-amber-499633,https://inkdecks.com/lorcana-tournaments/set-11-proxy-tournament-tournament-decks-363181,363181,7f1f4f38844a635f03e1eb3da0ed20b96a8ad47398c8cbd5d5abf8d153f3b142,2026-02-20T16:42:49.520Z,18,96
a94ee2f26782bc7600c147b7227a6c94b6550a4a27547065b32d8272da6e9fc9,Princess aggro by Rene,,,set 11 proxy tournament,Amber|Emerald,https://inkdecks.com/lorcana-metagame/deck-princess-aggro-499636,https://inkdecks.com/lorcana-tournaments/set-11-proxy-tournament-tournament-decks-363181,363181,a94ee2f26782bc7600c147b7227a6c94b6550a4a27547065b32d8272da6e9fc9,2026-02-20T16:42:51.522Z,15,97
dbe4f007eba6c3d117352bcdf1b2a943a408c6b7e4f800a734eb4dbe768b5903,Boost! by Jalumi,,,set 11 proxy tournament,Emerald|Sapphire,https://inkdecks.com/lorcana-metagame/deck-boost-499637,https://inkdecks.com/lorcana-tournaments/set-11-proxy-tournament-tournament-decks-363181,363181,dbe4f007eba6c3d117352bcdf1b2a943a408c6b7e4f800a734eb4dbe768b5903,2026-02-20T16:42:53.530Z,16,98
01b6cc4116d284e42adc46f7c9a7d193eb492f2a01b8866b5f5fc1fd3211910e,Challengers by Gabriel Soares,,,set championship fabled na dream up tcg,Steel|Amethyst,https://inkdecks.com/lorcana-metagame/deck-challengers-499640,https://inkdecks.com/lorcana-tournaments/set-championship-fabled-na-dream-up-tcg-tournament-decks-363180,363180,01b6cc4116d284e42adc46f7c9a7d193eb492f2a01b8866b5f5fc1fd3211910e,2026-02-20T16:43:26.611Z,22,99
e2bc792887a33e88746989fa47d0c08d09d19226d51256472865891f146f038c,Challengers by Caio Beluci,,,set championship fabled na dream up tcg,Steel|Amethyst,https://inkdecks.com/lorcana-metagame/deck-challengers-499638,https://inkdecks.com/lorcana-tournaments/set-championship-fabled-na-dream-up-tcg-tournament-decks-363180,363180,e2bc792887a33e88746989fa47d0c08d09d19226d51256472865891f146f038c,2026-02-20T16:43:28.614Z,23,100
51174a4f6cc1d5a712dd11c0a12e7851aae06498cd66bf7af440f50b8124877f,Chromidogs by Maria Julia,,,set championship fabled na dream up tcg,Emerald|Amber,https://inkdecks.com/lorcana-metagame/deck-chromidogs-499641,https://inkdecks.com/lorcana-tournaments/set-championship-fabled-na-dream-up-tcg-tournament-decks-363180,363180,51174a4f6cc1d5a712dd11c0a12e7851aae06498cd66bf7af440f50b8124877f,2026-02-20T16:43:30.627Z,20,101
e77466314d537ffd7da142300339ba66e3258e5c1aa97993f6672f3597ec747b,Dectetives Control by Rômulo,,,set championship fabled na dream up tcg,Sapphire|Emerald,https://inkdecks.com/lorcana-metagame/deck-dectetives-control-499639,https://inkdecks.com/lorcana-tournaments/set-championship-fabled-na-dream-up-tcg-tournament-decks-363180,363180,e77466314d537ffd7da142300339ba66e3258e5c1aa97993f6672f3597ec747b,2026-02-20T16:43:32.637Z,19,102
17d417eeb27d4dc4022c9357fc7e18f37e7920e1b0f95fac7bbbee4d46d63041,Set Champ Supise by Cory Anderson,,,whispers in the well set championship,Ruby|Sapphire,https://inkdecks.com/lorcana-metagame/deck-set-champ-supise-499607,https://inkdecks.com/lorcana-tournaments/whispers-in-the-well-set-championship-tournament-decks-363176,363176,17d417eeb27d4dc4022c9357fc7e18f37e7920e1b0f95fac7bbbee4d46d63041,2026-02-20T16:44:03.163Z,18,103
ed17887ca99147d1be7d3839f4da50cb753da6fa523ac2cd5fc68a21a4b79a8b,Cow Control by John Roe,,,whispers in the well set championship,Emerald|Sapphire,https://inkdecks.com/lorcana-metagame/deck-cow-control-499609,https://inkdecks.com/lorcana-tournaments/whispers-in-the-well-set-championship-tournament-decks-363176,363176,ed17887ca99147d1be7d3839f4da50cb753da6fa523ac2cd5fc68a21a4b79a8b,2026-02-20T16:44:05.169Z,17,104
8a0d7f0b4bae90e5ee7e6167374777ab42c05452bcb7c3ad819d72f63f5b177f,Blurple by Luc Roberts,,,whispers in the well set championship,Sapphire|Amethyst,https://inkdecks.com/lorcana-metagame/deck-blurple-499610,https://inkdecks.com/lorcana-tournaments/whispers-in-the-well-set-championship-tournament-decks-363176,363176,8a0d7f0b4bae90e5ee7e6167374777ab42c05452bcb7c3ad819d72f63f5b177f,2026-02-20T16:44:07.177Z,19,105
d4b120d7bf668ebdd2edb88bb9935e8afde53ab7e02abd73d6421a0b61992b15,Amethyst Steel Midrange by Christy Smith,,,whispers in the well set championship,Steel|Amethyst,https://inkdecks.com/lorcana-metagame/deck-amethyst-steel-midrange-499611,https://inkdecks.com/lorcana-tournaments/whispers-in-the-well-set-championship-tournament-decks-363176,363176,d4b120d7bf668ebdd2edb88bb9935e8afde53ab7e02abd73d6421a0b61992b15,2026-02-20T16:44:09.184Z,22,106
c65bd767135d25be17eaff43975ad445300bb56b0709e4f859dfda0e761c798d,1 week before set 11 by Nate J,,,iconic 1k whispers in the well,Amber|Amethyst,https://inkdecks.com/lorcana-metagame/deck-1-week-before-set-11-499570,https://inkdecks.com/lorcana-tournaments/iconic-1k-whispers-in-the-well-tournament-decks-363175,363175,c65bd767135d25be17eaff43975ad445300bb56b0709e4f859dfda0e761c798d,2026-02-20T16:44:45.716Z,18,107
ddbaec4e0fe58bd3e2dfba282602681776a1c7c2ca5087c249de2f24995f11d7,Winning cuz eckroth broke his foot by Omar R,,,iconic 1k whispers in the well,Ruby|Amethyst,https://inkdecks.com/lorcana-metagame/deck-winning-cuz-eckroth-broke-his-foot-499571,https://inkdecks.com/lorcana-tournaments/iconic-1k-whispers-in-the-well-tournament-decks-363175,363175,ddbaec4e0fe58bd3e2dfba282602681776a1c7c2ca5087c249de2f24995f11d7,2026-02-20T16:44:47.724Z,19,108
006cc38263fa37620e31f02c686c1d46074808d2a1da4ed7c13cd01db57070dd,AmAm Monstro Combo by Palmer S,,,iconic 1k whispers in the well,Amethyst|Amber,https://inkdecks.com/lorcana-metagame/deck-amam-monstro-combo-499572,https://inkdecks.com/lorcana-tournaments/iconic-1k-whispers-in-the-well-tournament-decks-363175,363175,006cc38263fa37620e31f02c686c1d46074808d2a1da4ed7c13cd01db57070dd,2026-02-20T16:44:49.737Z,19,109
2eb4a8e10d4d83891248864d78195247d1aa716f05dbda1a24bd95be9fa3a058,Nicks deck by Nick D,,,iconic 1k whispers in the well,Steel|Sapphire,https://inkdecks.com/lorcana-metagame/deck-nicks-deck-499573,https://inkdecks.com/lorcana-tournaments/iconic-1k-whispers-in-the-well-tournament-decks-363175,363175,2eb4a8e10d4d83891248864d78195247d1aa716f05dbda1a24bd95be9fa3a058,2026-02-20T16:44:51.745Z,19,110
bd0a512dc5e7ae050d85351c4d92f49f6837681f533ffb3aee6f70e1c5e1661c,Uno Cannon by Dalton C,,,iconic 1k whispers in the well,Steel|Amethyst,https://inkdecks.com/lorcana-metagame/deck-uno-cannon-499574,https://inkdecks.com/lorcana-tournaments/iconic-1k-whispers-in-the-well-tournament-decks-363175,363175,bd0a512dc5e7ae050d85351c4d92f49f6837681f533ffb3aee6f70e1c5e1661c,2026-02-20T16:44:53.757Z,23,111
7ea9b7f12af397df1a7c2e2455fab63c5d0bad1d5440cee820695c1e2b407ce1,Jace's Hot Stuff by Jace H,,,iconic 1k whispers in the well,Emerald|Sapphire,https://inkdecks.com/lorcana-metagame/deck-jace-s-hot-stuff-499575,https://inkdecks.com/lorcana-tournaments/iconic-1k-whispers-in-the-well-tournament-decks-363175,363175,7ea9b7f12af397df1a7c2e2455fab63c5d0bad1d5440cee820695c1e2b407ce1,2026-02-20T16:44:55.766Z,19,112
e9c52095c7a2bb8222167e1ab903a5d26119035d5c7df0cb52cedb94666dcbc5,Doggy all the way by Robert Gregory S,,,iconic 1k whispers in the well,Emerald|Amber,https://inkdecks.com/lorcana-metagame/deck-doggy-all-the-way-499576,https://inkdecks.com/lorcana-tournaments/iconic-1k-whispers-in-the-well-tournament-decks-363175,363175,e9c52095c7a2bb8222167e1ab903a5d26119035d5c7df0cb52cedb94666dcbc5,2026-02-20T16:44:57.775Z,17,113
c3c984fe417f1b6cac9fddaeda85cbe800abe81b35337b132be46c939ce98c0f,Cold Cut combo by Taylor B,,,iconic 1k whispers in the well,Amethyst|Amber,https://inkdecks.com/lorcana-metagame/deck-cold-cut-combo-499577,https://inkdecks.com/lorcana-tournaments/iconic-1k-whispers-in-the-well-tournament-decks-363175,363175,c3c984fe417f1b6cac9fddaeda85cbe800abe81b35337b132be46c939ce98c0f,2026-02-20T16:44:59.783Z,20,114
a276094159dcf7e0d75b00d421fcc0aaa33df10d4d8d15b10c3efd7745bd586d,Paul Davis by Paul D,,,iconic 1k whispers in the well,Emerald|Amber,https://inkdecks.com/lorcana-metagame/deck-paul-davis-499578,https://inkdecks.com/lorcana-tournaments/iconic-1k-whispers-in-the-well-tournament-decks-363175,363175,a276094159dcf7e0d75b00d421fcc0aaa33df10d4d8d15b10c3efd7745bd586d,2026-02-20T16:45:01.784Z,19,115
13644ad7706596f0e804f57d7377ddd9e30c344cbb94d44bfc8e5ed4f1fed287,Antidisestablishmentarianism by Kyson B,,,iconic 1k whispers in the well,Emerald|Amethyst,https://inkdecks.com/lorcana-metagame/deck-antidisestablishmentarianism-499579,https://inkdecks.com/lorcana-tournaments/iconic-1k-whispers-in-the-well-tournament-decks-363175,363175,13644ad7706596f0e804f57d7377ddd9e30c344cbb94d44bfc8e5ed4f1fed287,2026-02-20T16:45:03.799Z,19,116
272403d6390576df773c86b36cf22ef3a7164cb3e7b4a57162533f0f30fe001e,City wok by Jackson P,,,iconic 1k whispers in the well,Amber|Amethyst,https://inkdecks.com/lorcana-metagame/deck-city-wok-499580,https://inkdecks.com/lorcana-tournaments/iconic-1k-whispers-in-the-well-tournament-decks-363175,363175,272403d6390576df773c86b36cf22ef3a7164cb3e7b4a57162533f0f30fe001e,2026-02-20T16:45:05.810Z,17,117
7732b1a472a1578844e2dd8cb6d40956594de5262ec47f8007306e8e966c7374,Mob Law by Kyle F,,,iconic 1k whispers in the well,Steel|Sapphire,https://inkdecks.com/lorcana-metagame/deck-mob-law-499582,https://inkdecks.com/lorcana-tournaments/iconic-1k-whispers-in-the-well-tournament-decks-363175,363175,7732b1a472a1578844e2dd8cb6d40956594de5262ec47f8007306e8e966c7374,2026-02-20T16:45:09.828Z,18,118
a1eca5f27c2c1e82e8c1388aa0c471889fe6fadb772cb61efea79af79b910ec6,Locations garbage by Nathan W,,,iconic 1k whispers in the well,Steel|Amethyst,https://inkdecks.com/lorcana-metagame/deck-locations-garbage-499583,https://inkdecks.com/lorcana-tournaments/iconic-1k-whispers-in-the-well-tournament-decks-363175,363175,a1eca5f27c2c1e82e8c1388aa0c471889fe6fadb772cb61efea79af79b910ec6,2026-02-20T16:45:11.836Z,20,119
edcbebdbb85e1a6a30440216ea7ca319c368b6d6034a844ffe4222f3ddcb5be6,Amethyst Steel by Maria C,,,iconic 1k whispers in the well,Steel|Amethyst,https://inkdecks.com/lorcana-metagame/deck-amethyst-steel-499584,https://inkdecks.com/lorcana-tournaments/iconic-1k-whispers-in-the-well-tournament-decks-363175,363175,edcbebdbb85e1a6a30440216ea7ca319c368b6d6034a844ffe4222f3ddcb5be6,2026-02-20T16:45:13.845Z,20,120
763104d10cfdc759f4e60f3d688f4d9edaec85aea89cbe3a007133936dadc8ef,Who let the dogs out by Jacob R,,,iconic 1k whispers in the well,Emerald|Amber,https://inkdecks.com/lorcana-metagame/deck-who-let-the-dogs-out-499585,https://inkdecks.com/lorcana-tournaments/iconic-1k-whispers-in-the-well-tournament-decks-363175,363175,763104d10cfdc759f4e60f3d688f4d9edaec85aea89cbe3a007133936dadc8ef,2026-02-20T16:45:15.847Z,16,121
ee3f6665a766a981fb765584e894821fa251b40d6afe029edd882fb8679a29bf,Jasmin’s allies by Sean H,,,iconic 1k whispers in the well,Steel|Sapphire,https://inkdecks.com/lorcana-metagame/deck-jasmin-s-allies-499586,https://inkdecks.com/lorcana-tournaments/iconic-1k-whispers-in-the-well-tournament-decks-363175,363175,ee3f6665a766a981fb765584e894821fa251b40d6afe029edd882fb8679a29bf,2026-02-20T16:45:17.856Z,17,122
016785ef49acc14bec21e4a50257a797c65fcface7eea345ba1ea74ae1334747,Yellow/Green by Karl B,,,iconic 1k whispers in the well,Emerald|Amber,https://inkdecks.com/lorcana-metagame/deck-yellow-green-499587,https://inkdecks.com/lorcana-tournaments/iconic-1k-whispers-in-the-well-tournament-decks-363175,363175,016785ef49acc14bec21e4a50257a797c65fcface7eea345ba1ea74ae1334747,2026-02-20T16:45:19.875Z,18,123
48d6a5741d10429af3676dc58f9b4833f7168473eaf7560f427668a3168aa603,What combo? by Chad H,,,iconic 1k whispers in the well,Emerald|Sapphire,https://inkdecks.com/lorcana-metagame/deck-what-combo-499588,https://inkdecks.com/lorcana-tournaments/iconic-1k-whispers-in-the-well-tournament-decks-363175,363175,48d6a5741d10429af3676dc58f9b4833f7168473eaf7560f427668a3168aa603,2026-02-20T16:45:21.890Z,16,124
7fa9e229d08bc4e3e2745b2fe39bc814702e08d7625d044b199078f5e02de068,Purple Steel by Craig D,,,iconic 1k whispers in the well,Steel|Amethyst,https://inkdecks.com/lorcana-metagame/deck-purple-steel-499589,https://inkdecks.com/lorcana-tournaments/iconic-1k-whispers-in-the-well-tournament-decks-363175,363175,7fa9e229d08bc4e3e2745b2fe39bc814702e08d7625d044b199078f5e02de068,2026-02-20T16:45:23.902Z,23,125
65b6bf6c72bd60217875cffe54c5a74e50bd0f3e3c62c94abd9893bb34d8ff05,one last mulan by Stano J,,,iconic 1k whispers in the well,Steel|Ruby,https://inkdecks.com/lorcana-metagame/deck-one-last-mulan-499590,https://inkdecks.com/lorcana-tournaments/iconic-1k-whispers-in-the-well-tournament-decks-363175,363175,65b6bf6c72bd60217875cffe54c5a74e50bd0f3e3c62c94abd9893bb34d8ff05,2026-02-20T16:45:25.912Z,23,126
e3eab7e5cbabc8acc5c811ea8f76fa0e1602895cd128fce0d8449fcf68c48570,RB x-3 by Samuel F,,,iconic 1k whispers in the well,Ruby|Sapphire,https://inkdecks.com/lorcana-metagame/deck-rb-x-3-499591,https://inkdecks.com/lorcana-tournaments/iconic-1k-whispers-in-the-well-tournament-decks-363175,363175,e3eab7e5cbabc8acc5c811ea8f76fa0e1602895cd128fce0d8449fcf68c48570,2026-02-20T16:45:27.922Z,18,127
6ccc9ca54fad47b78b464d087f726cba8f8410652f7079199f73323b7e881869,Go Dawg Go by Justin M,,,iconic 1k whispers in the well,Emerald|Amber,https://inkdecks.com/lorcana-metagame/deck-go-dawg-go-499592,https://inkdecks.com/lorcana-tournaments/iconic-1k-whispers-in-the-well-tournament-decks-363175,363175,6ccc9ca54fad47b78b464d087f726cba8f8410652f7079199f73323b7e881869,2026-02-20T16:45:29.928Z,17,128
6b4a5ad2f873207b141e9b27441685ba8d0575d6a1712a4d0ac005b1d64d671c,I'm here..!.. by Kody H,,,iconic 1k whispers in the well,Emerald|Amethyst,https://inkdecks.com/lorcana-metagame/deck-i-m-here-499593,https://inkdecks.com/lorcana-tournaments/iconic-1k-whispers-in-the-well-tournament-decks-363175,363175,6b4a5ad2f873207b141e9b27441685ba8d0575d6a1712a4d0ac005b1d64d671c,2026-02-20T16:45:31.932Z,16,129
650d47f3ba83792dc6805bdfd67678e9279d73318a58c8da513f832c8393b3a2,Amber Amethyst by Evan M,,,iconic 1k whispers in the well,Amethyst|Amber,https://inkdecks.com/lorcana-metagame/deck-amber-amethyst-499594,https://inkdecks.com/lorcana-tournaments/iconic-1k-whispers-in-the-well-tournament-decks-363175,363175,650d47f3ba83792dc6805bdfd67678e9279d73318a58c8da513f832c8393b3a2,2026-02-20T16:45:33.945Z,18,130
97fce69e101786e600b2eaaa75b5a3b064b943573dec7a355ca5af4b28aa5df5,Aggro by Marty S,,,iconic 1k whispers in the well,Amber|Steel,https://inkdecks.com/lorcana-metagame/deck-aggro-499595,https://inkdecks.com/lorcana-tournaments/iconic-1k-whispers-in-the-well-tournament-decks-363175,363175,97fce69e101786e600b2eaaa75b5a3b064b943573dec7a355ca5af4b28aa5df5,2026-02-20T16:45:35.941Z,18,131
57c5107ab79270cdc86ea46fa84720d7dd163026e967d65ab3a59d86367df8ea,Allan made up his mind. Part 48 by Allan H,,,iconic 1k whispers in the well,Sapphire|Amethyst,https://inkdecks.com/lorcana-metagame/deck-allan-made-up-his-mind-part-48-499596,https://inkdecks.com/lorcana-tournaments/iconic-1k-whispers-in-the-well-tournament-decks-363175,363175,57c5107ab79270cdc86ea46fa84720d7dd163026e967d65ab3a59d86367df8ea,2026-02-20T16:45:37.940Z,19,132
292f90f79190ed932198fa69f5103a103284e9502b66422f0cdf45c9ed238e22,Dees Dogs by Ryan B,,,iconic 1k whispers in the well,Emerald|Amber,https://inkdecks.com/lorcana-metagame/deck-dees-dogs-499597,https://inkdecks.com/lorcana-tournaments/iconic-1k-whispers-in-the-well-tournament-decks-363175,363175,292f90f79190ed932198fa69f5103a103284e9502b66422f0cdf45c9ed238e22,2026-02-20T16:45:39.952Z,17,133
6bc4a79a788895ff7f43eb63fff39bd7799076416b216902c40ee80a3933a2f4,Cory RP 10 by Cory R,,,iconic 1k whispers in the well,Amethyst|Ruby,https://inkdecks.com/lorcana-metagame/deck-cory-rp-10-499598,https://inkdecks.com/lorcana-tournaments/iconic-1k-whispers-in-the-well-tournament-decks-363175,363175,6bc4a79a788895ff7f43eb63fff39bd7799076416b216902c40ee80a3933a2f4,2026-02-20T16:45:41.964Z,21,134
9fb9488d0ba25fee23f49e35888dadaff654a29c7564caa15a581f52e6d42398,Ryan S's Deck by Ryan S,,,iconic 1k whispers in the well,Amber|Amethyst,https://inkdecks.com/lorcana-metagame/deck-ryan-s-s-deck-499599,https://inkdecks.com/lorcana-tournaments/iconic-1k-whispers-in-the-well-tournament-decks-363175,363175,9fb9488d0ba25fee23f49e35888dadaff654a29c7564caa15a581f52e6d42398,2026-02-20T16:45:43.974Z,20,135
4a04644e41c3c6a623850e10296891e3c89cdf62549c8af01978a30a08951f70,Diamond Dogs by Spencer H,,,iconic 1k whispers in the well,Emerald|Amber,https://inkdecks.com/lorcana-metagame/deck-diamond-dogs-499600,https://inkdecks.com/lorcana-tournaments/iconic-1k-whispers-in-the-well-tournament-decks-363175,363175,4a04644e41c3c6a623850e10296891e3c89cdf62549c8af01978a30a08951f70,2026-02-20T16:45:45.980Z,18,136
0fb9ac8220d14614731d5b4fc5713751e6b752c35b2a913d2ac541f2cea80d3a,Madd Muttz by Austin C,,,iconic 1k whispers in the well,Emerald|Amber,https://inkdecks.com/lorcana-metagame/deck-madd-muttz-499602,https://inkdecks.com/lorcana-tournaments/iconic-1k-whispers-in-the-well-tournament-decks-363175,363175,0fb9ac8220d14614731d5b4fc5713751e6b752c35b2a913d2ac541f2cea80d3a,2026-02-20T16:45:49.999Z,17,137
2b553bbb1ccb6889065bfabc760993946f3e39959420f5c0d18da4fe27ae0607,Kimberly H's Deck by Kimberly H,,,iconic 1k whispers in the well,Amber|Steel,https://inkdecks.com/lorcana-metagame/deck-kimberly-h-s-deck-499604,https://inkdecks.com/lorcana-tournaments/iconic-1k-whispers-in-the-well-tournament-decks-363175,363175,2b553bbb1ccb6889065bfabc760993946f3e39959420f5c0d18da4fe27ae0607,2026-02-20T16:45:54.015Z,20,138
917c442f8113dedc54250a7abc88bc7f092e88775ed516ba809963ff06d869c3,CromaDogs by Jesse H,,,iconic 1k whispers in the well,Emerald|Amber,https://inkdecks.com/lorcana-metagame/deck-cromadogs-499605,https://inkdecks.com/lorcana-tournaments/iconic-1k-whispers-in-the-well-tournament-decks-363175,363175,917c442f8113dedc54250a7abc88bc7f092e88775ed516ba809963ff06d869c3,2026-02-20T16:45:56.019Z,17,139
241f9b81247217a23acfe2ba650f54e3c94dff7008e70a1b66e274156f4f8e25,Mad cow by Walter Huynh,,,lorefest winter battle,Emerald|Sapphire,https://inkdecks.com/lorcana-metagame/deck-mad-cow-499414,https://inkdecks.com/lorcana-tournaments/lorefest-winter-battle-tournament-decks-363138,363138,241f9b81247217a23acfe2ba650f54e3c94dff7008e70a1b66e274156f4f8e25,2026-02-20T16:47:04.714Z,21,140
87ca5787541c7e2ab62152cccf63d70cfdb0a25d920895b95aedfd3ed84ef871,PS by [Noninkables] Briguy,,,lorefest winter battle,Steel|Amethyst,https://inkdecks.com/lorcana-metagame/deck-ps-499404,https://inkdecks.com/lorcana-tournaments/lorefest-winter-battle-tournament-decks-363138,363138,87ca5787541c7e2ab62152cccf63d70cfdb0a25d920895b95aedfd3ed84ef871,2026-02-20T16:47:06.718Z,19,141
b9da67da026b7258c7fedce65b65daf2267f056f1f55c595a32511ac23ff5c01,Guiding Light by Brandon Dileanis,,,lorefest winter battle,Amber|Amethyst,https://inkdecks.com/lorcana-metagame/deck-guiding-light-499377,https://inkdecks.com/lorcana-tournaments/lorefest-winter-battle-tournament-decks-363138,363138,b9da67da026b7258c7fedce65b65daf2267f056f1f55c595a32511ac23ff5c01,2026-02-20T16:47:08.728Z,17,142
073e3162e6d7bea2ae2f867408fec8cb5bd6fa3ceba612fa88da8aaeabb67cfd,rope drop maleficent by Robert,,,lorefest winter battle,Amethyst|Amber,https://inkdecks.com/lorcana-metagame/deck-rope-drop-maleficent-499462,https://inkdecks.com/lorcana-tournaments/lorefest-winter-battle-tournament-decks-363138,363138,073e3162e6d7bea2ae2f867408fec8cb5bd6fa3ceba612fa88da8aaeabb67cfd,2026-02-20T16:47:12.745Z,20,143
506e867f30f5577afcabbe4ecb9a3c9986c7691c59d4ce36de82e5019d6bba27,Miminit by Megan K,,,lorefest winter battle,Steel|Amethyst,https://inkdecks.com/lorcana-metagame/deck-miminit-499352,https://inkdecks.com/lorcana-tournaments/lorefest-winter-battle-tournament-decks-363138,363138,506e867f30f5577afcabbe4ecb9a3c9986c7691c59d4ce36de82e5019d6bba27,2026-02-20T16:47:14.757Z,17,144
7bd4195e64404e72caa20593ac265fe7dd9464543dad8aaa7ca66b16f9ba3097,Goodbye Set 10 v2 by Justin Cho,,,lorefest winter battle,Steel|Amethyst,https://inkdecks.com/lorcana-metagame/deck-goodbye-set-10-v2-499454,https://inkdecks.com/lorcana-tournaments/lorefest-winter-battle-tournament-decks-363138,363138,7bd4195e64404e72caa20593ac265fe7dd9464543dad8aaa7ca66b16f9ba3097,2026-02-20T16:47:16.773Z,23,145
fcd68773a074432487c315415499c8b4bb1a17861031a8a6dfcc1f25bee66d4f,Set 10 Lorefest - Blurple by JP De Guzman,,,lorefest winter battle,Sapphire|Amethyst,https://inkdecks.com/lorcana-metagame/deck-set-10-lorefest-blurple-499456,https://inkdecks.com/lorcana-tournaments/lorefest-winter-battle-tournament-decks-363138,363138,fcd68773a074432487c315415499c8b4bb1a17861031a8a6dfcc1f25bee66d4f,2026-02-20T16:47:18.779Z,17,146
8c063c1ded4ff578b06dc0ca3d39a4a2a824326a68c3dd08c2a367d0f58e644f,Blurple by Kolton,,,lorefest winter battle,Sapphire|Amethyst,https://inkdecks.com/lorcana-metagame/deck-blurple-499449,https://inkdecks.com/lorcana-tournaments/lorefest-winter-battle-tournament-decks-363138,363138,8c063c1ded4ff578b06dc0ca3d39a4a2a824326a68c3dd08c2a367d0f58e644f,2026-02-20T16:47:20.779Z,18,147
4887d6ceecfde9a196c4ea7873193ec12a3a47fabe07475e3fd7038120e65a11,Songs to bounce to by Chris Rodriguez,,,lorefest winter battle,Emerald|Sapphire,https://inkdecks.com/lorcana-metagame/deck-songs-to-bounce-to-499489,https://inkdecks.com/lorcana-tournaments/lorefest-winter-battle-tournament-decks-363138,363138,4887d6ceecfde9a196c4ea7873193ec12a3a47fabe07475e3fd7038120e65a11,2026-02-20T16:47:22.792Z,17,148
8ff9ac023bc73f22ff9ec052f8aa33d60d74aa6060a2b7b173a19e34bc84b616,Can Fly if I wanted to by 3ink_SpaceRanger,,,lorefest winter battle,Steel|Amethyst,https://inkdecks.com/lorcana-metagame/deck-can-fly-if-i-wanted-to-499448,https://inkdecks.com/lorcana-tournaments/lorefest-winter-battle-tournament-decks-363138,363138,8ff9ac023bc73f22ff9ec052f8aa33d60d74aa6060a2b7b173a19e34bc84b616,2026-02-20T16:47:24.799Z,18,149
ddd1fcc3776d0a20d331508c3d9346e06a162b5e3814bf8bd7215889ea19e545,Winter LoreFest by Kenneth,,,lorefest winter battle,Amethyst|Amber,https://inkdecks.com/lorcana-metagame/deck-winter-lorefest-499403,https://inkdecks.com/lorcana-tournaments/lorefest-winter-battle-tournament-decks-363138,363138,ddd1fcc3776d0a20d331508c3d9346e06a162b5e3814bf8bd7215889ea19e545,2026-02-20T16:47:26.803Z,19,150
2a500699e74d8755fd467f6d5ae96d497dfab92b3089526ef8073211c60ee22c,Zoolander by Jonathan Larracas,,,lorefest winter battle,Sapphire|Steel,https://inkdecks.com/lorcana-metagame/deck-zoolander-499452,https://inkdecks.com/lorcana-tournaments/lorefest-winter-battle-tournament-decks-363138,363138,2a500699e74d8755fd467f6d5ae96d497dfab92b3089526ef8073211c60ee22c,2026-02-20T16:47:28.822Z,21,151
8dfa02a69b0e68ecbc2723e60020fa41dbf51440fd1ed298f80ef9389aefd7cb,Be Brave by Studded,,,lorefest winter battle,Amethyst|Steel,https://inkdecks.com/lorcana-metagame/deck-be-brave-499459,https://inkdecks.com/lorcana-tournaments/lorefest-winter-battle-tournament-decks-363138,363138,8dfa02a69b0e68ecbc2723e60020fa41dbf51440fd1ed298f80ef9389aefd7cb,2026-02-20T16:47:30.824Z,17,152
9b618cae1f17c8850f403d3593f670154b29a473990528586f1aced8cf01f16b,B/G lore fest by Joaquin Graham,,,lorefest winter battle,Emerald|Sapphire,https://inkdecks.com/lorcana-metagame/deck-b-g-lore-fest-499379,https://inkdecks.com/lorcana-tournaments/lorefest-winter-battle-tournament-decks-363138,363138,9b618cae1f17c8850f403d3593f670154b29a473990528586f1aced8cf01f16b,2026-02-20T16:47:32.838Z,17,153
d0e1e604ff408963521747aa6e02c642732a4e63144fb3a47f45cd56145fd2ca,Probably Mulligan 7 by Sam Yee,,,lorefest winter battle,Emerald|Sapphire,https://inkdecks.com/lorcana-metagame/deck-probably-mulligan-7-499381,https://inkdecks.com/lorcana-tournaments/lorefest-winter-battle-tournament-decks-363138,363138,d0e1e604ff408963521747aa6e02c642732a4e63144fb3a47f45cd56145fd2ca,2026-02-20T16:47:34.842Z,20,154
81d2594aff3b9090d9bcef9ec89c53a5dfa1362fd6c2dba4450a687cca993e58,JDRR PS by Aaron R,,,lorefest winter battle,Steel|Amethyst,https://inkdecks.com/lorcana-metagame/deck-jdrr-ps-499351,https://inkdecks.com/lorcana-tournaments/lorefest-winter-battle-tournament-decks-363138,363138,81d2594aff3b9090d9bcef9ec89c53a5dfa1362fd6c2dba4450a687cca993e58,2026-02-20T16:47:36.838Z,18,155
085ee3182eadda9089020f3eb65159bddd700006ab0696d26fc14125baf94893,Princess Ramp by Harrison,,,lorefest winter battle,Ruby|Sapphire,https://inkdecks.com/lorcana-metagame/deck-princess-ramp-499447,https://inkdecks.com/lorcana-tournaments/lorefest-winter-battle-tournament-decks-363138,363138,085ee3182eadda9089020f3eb65159bddd700006ab0696d26fc14125baf94893,2026-02-20T16:47:38.858Z,17,156
111f1514b3502ec949dbcc64f4f64503db273f1128c80ffed1c44388c94f51b9,Blurple Evasive by David Torres,,,lorefest winter battle,Sapphire|Amethyst,https://inkdecks.com/lorcana-metagame/deck-blurple-evasive-499380,https://inkdecks.com/lorcana-tournaments/lorefest-winter-battle-tournament-decks-363138,363138,111f1514b3502ec949dbcc64f4f64503db273f1128c80ffed1c44388c94f51b9,2026-02-20T16:47:40.859Z,18,157
5727596485b2372631aa00b740f34c63eb7077f7f060b7449a82859ee2e1d2cc,WillyBolt by Gerald Gonzalez,,,lorefest winter battle,Steel|Amethyst,https://inkdecks.com/lorcana-metagame/deck-willybolt-499375,https://inkdecks.com/lorcana-tournaments/lorefest-winter-battle-tournament-decks-363138,363138,5727596485b2372631aa00b740f34c63eb7077f7f060b7449a82859ee2e1d2cc,2026-02-20T16:47:42.868Z,17,158
dc2591bd1590ce401c796c595f656889fa4800bc408598be86482503553e18d0,R/S by Dane Ocampo,,,lorefest winter battle,Steel|Ruby,https://inkdecks.com/lorcana-metagame/deck-r-s-499458,https://inkdecks.com/lorcana-tournaments/lorefest-winter-battle-tournament-decks-363138,363138,dc2591bd1590ce401c796c595f656889fa4800bc408598be86482503553e18d0,2026-02-20T16:47:44.875Z,23,159
444268b1b76243a32b862ae5843ca89e4403c8f5a93f0ae736f0e2d26e9fe1a2,Cinnascar by Parker Chambers,,,lorefest winter battle,Steel|Ruby,https://inkdecks.com/lorcana-metagame/deck-cinnascar-499312,https://inkdecks.com/lorcana-tournaments/lorefest-winter-battle-tournament-decks-363138,363138,444268b1b76243a32b862ae5843ca89e4403c8f5a93f0ae736f0e2d26e9fe1a2,2026-02-20T16:47:46.891Z,20,160
999e6dff97aa4e595eab0fed5df62caebf937bc03d4334ab4c9ac1c6af0be14f,Ruby Steel by Tiffany,,,lorefest winter battle,Ruby|Steel,https://inkdecks.com/lorcana-metagame/deck-ruby-steel-499363,https://inkdecks.com/lorcana-tournaments/lorefest-winter-battle-tournament-decks-363138,363138,999e6dff97aa4e595eab0fed5df62caebf937bc03d4334ab4c9ac1c6af0be14f,2026-02-20T16:47:48.918Z,39,161
78add2079f3d74cecb7f86481a66910a7ba7e6bcc72f4ad84bab21e33effbeb7,Baja by Richard Sandoval,,,lorefest winter battle,Sapphire|Emerald,https://inkdecks.com/lorcana-metagame/deck-baja-499461,https://inkdecks.com/lorcana-tournaments/lorefest-winter-battle-tournament-decks-363138,363138,78add2079f3d74cecb7f86481a66910a7ba7e6bcc72f4ad84bab21e33effbeb7,2026-02-20T16:47:50.903Z,19,162
517cf7753fdc3f92ed93d69fc53f57ecd9824521e1615c28e16655b6cfc5279a,PLP- Princesses Love Puppies by Darold Naluai,,,lorefest winter battle,Amber|Sapphire,https://inkdecks.com/lorcana-metagame/deck-plp-princesses-love-puppies-499360,https://inkdecks.com/lorcana-tournaments/lorefest-winter-battle-tournament-decks-363138,363138,517cf7753fdc3f92ed93d69fc53f57ecd9824521e1615c28e16655b6cfc5279a,2026-02-20T16:47:52.902Z,16,163
a0033b41ccd273278a966f57a0b59331e0ee799c5ec4909148d11a36e6c9c63f,Robert G by Robert Gonzalez,,,lorefest winter battle,Amber|Amethyst,https://inkdecks.com/lorcana-metagame/deck-robert-g-499376,https://inkdecks.com/lorcana-tournaments/lorefest-winter-battle-tournament-decks-363138,363138,a0033b41ccd273278a966f57a0b59331e0ee799c5ec4909148d11a36e6c9c63f,2026-02-20T16:47:54.915Z,17,164
6872f93e9a94ff0f4a204afd9fa000ab11203234c4b9f546dff1d6f1285ff9e3,Demona Exert Evasive Core by Matt Mah,,,lorefest winter battle,Amethyst|Sapphire,https://inkdecks.com/lorcana-metagame/deck-demona-exert-evasive-core-499361,https://inkdecks.com/lorcana-tournaments/lorefest-winter-battle-tournament-decks-363138,363138,6872f93e9a94ff0f4a204afd9fa000ab11203234c4b9f546dff1d6f1285ff9e3,2026-02-20T16:47:56.933Z,22,165
b0ca61772d2125901d87336e58262a33e86a886ba2ac99727b8b404afc2ccab1,Krunk by Jonathan,,,lorefest winter battle,Emerald|Amethyst,https://inkdecks.com/lorcana-metagame/deck-krunk-499463,https://inkdecks.com/lorcana-tournaments/lorefest-winter-battle-tournament-decks-363138,363138,b0ca61772d2125901d87336e58262a33e86a886ba2ac99727b8b404afc2ccab1,2026-02-20T16:47:58.945Z,39,166
c4be65d6b312b07d5db4e061d959404d2aee1e0a5b76cef913400f19d4b1d674,Yeah by Elgene Tan,,,lorefest winter battle,Steel|Amethyst,https://inkdecks.com/lorcana-metagame/deck-yeah-499453,https://inkdecks.com/lorcana-tournaments/lorefest-winter-battle-tournament-decks-363138,363138,c4be65d6b312b07d5db4e061d959404d2aee1e0a5b76cef913400f19d4b1d674,2026-02-20T16:48:00.935Z,20,167
7779a5d901c2057a7c13a1e1cffba301406cbe939038b7404602e46215f087ea,RS Set 11 by Alan,,,lorefest winter battle,Sapphire|Ruby,https://inkdecks.com/lorcana-metagame/deck-rs-set-11-499378,https://inkdecks.com/lorcana-tournaments/lorefest-winter-battle-tournament-decks-363138,363138,7779a5d901c2057a7c13a1e1cffba301406cbe939038b7404602e46215f087ea,2026-02-20T16:48:02.934Z,19,168
d5416f6a79f664550c974d6b8e712338c76d40b8f2713bc9d6bdc683e2debaf3,DumBoom v. 4.5 by [PYR] GlouGlouS,,,road to lorcana 12 saison 10,Amethyst|Ruby,https://inkdecks.com/lorcana-metagame/deck-dumboom-v-4-5-499471,https://inkdecks.com/lorcana-tournaments/road-to-lorcana-12-saison-10-tournament-decks-363051,363051,d5416f6a79f664550c974d6b8e712338c76d40b8f2713bc9d6bdc683e2debaf3,2026-02-20T16:48:57.540Z,18,169
429e640b3939d218b18bcc018e84994b89b915abc17b5a50411e973e9f976487,Ambre/Émeraude Tolkos by tolkos,,,road to lorcana 12 saison 10,Emerald|Amber,https://inkdecks.com/lorcana-metagame/deck-ambre-emeraude-tolkos-499472,https://inkdecks.com/lorcana-tournaments/road-to-lorcana-12-saison-10-tournament-decks-363051,363051,429e640b3939d218b18bcc018e84994b89b915abc17b5a50411e973e9f976487,2026-02-20T16:48:59.548Z,20,170
4f32096ea9a05a60cfaf0737d8ded5fa8d3d27a12a3aefc27099928c22065071,demona (Copie) by [ZTH] mougli,,,road to lorcana 12 saison 10,Steel|Amethyst,https://inkdecks.com/lorcana-metagame/deck-demona-copie-499473,https://inkdecks.com/lorcana-tournaments/road-to-lorcana-12-saison-10-tournament-decks-363051,363051,4f32096ea9a05a60cfaf0737d8ded5fa8d3d27a12a3aefc27099928c22065071,2026-02-20T16:49:01.547Z,19,171
7e2c98c6107fb9907ca40f7b07788117fd145a86befea93c4301a6df95b28a87,Set 10 - v5.0 by [EC] Lanstark,,,road to lorcana 12 saison 10,Amber|Amethyst,https://inkdecks.com/lorcana-metagame/deck-set-10-v5-0-499474,https://inkdecks.com/lorcana-tournaments/road-to-lorcana-12-saison-10-tournament-decks-363051,363051,7e2c98c6107fb9907ca40f7b07788117fd145a86befea93c4301a6df95b28a87,2026-02-20T16:49:03.555Z,18,172
73225a240cb56167a8052184b62dd92ba8d23c1ffa5799142c29363cddeca731,Dernier tournoi chap 10 by [EXP|627] Ramalex,,,road to lorcana 12 saison 10,Sapphire|Amethyst,https://inkdecks.com/lorcana-metagame/deck-dernier-tournoi-chap-10-499476,https://inkdecks.com/lorcana-tournaments/road-to-lorcana-12-saison-10-tournament-decks-363051,363051,73225a240cb56167a8052184b62dd92ba8d23c1ffa5799142c29363cddeca731,2026-02-20T16:49:07.580Z,20,173
b2fcf0391046e7e378532c9a1ad47d6e5317042c513e8bcf9f5c1ea3150aad2a,It's Goin Down by Silver,,,road to lorcana 12 saison 10,Emerald|Sapphire,https://inkdecks.com/lorcana-metagame/deck-it-s-goin-down-499477,https://inkdecks.com/lorcana-tournaments/road-to-lorcana-12-saison-10-tournament-decks-363051,363051,b2fcf0391046e7e378532c9a1ad47d6e5317042c513e8bcf9f5c1ea3150aad2a,2026-02-20T16:49:09.590Z,17,174
3b951f02e3599c0cd0244f55b2a2a250c2bebeeda6a43c6fd949af9ec538cdf6,Set 10 - Améthyste/Rubis by Hextrazy,,,road to lorcana 12 saison 10,Amethyst|Ruby,https://inkdecks.com/lorcana-metagame/deck-set-10-amethyste-rubis-499478,https://inkdecks.com/lorcana-tournaments/road-to-lorcana-12-saison-10-tournament-decks-363051,363051,3b951f02e3599c0cd0244f55b2a2a250c2bebeeda6a43c6fd949af9ec538cdf6,2026-02-20T16:49:11.603Z,18,175
2c8bb8bc9ba8b06f3d6909f099a215c46b9596ab294bb0e1d5f4a3f347980fad,Set 10 - Améthyste/Émeraude - Prince Philippe by [WTCG]grooff853,,,road to lorcana 12 saison 10,Emerald|Amethyst,https://inkdecks.com/lorcana-metagame/deck-set-10-amethyste-emeraude-prince-philippe-499479,https://inkdecks.com/lorcana-tournaments/road-to-lorcana-12-saison-10-tournament-decks-363051,363051,2c8bb8bc9ba8b06f3d6909f099a215c46b9596ab294bb0e1d5f4a3f347980fad,2026-02-20T16:49:13.600Z,17,176
0688c7305864e039dceab3b4e7304c3950a23f75df1bcd8ea7ed110003785095,detective by Natsir,,,road to lorcana 12 saison 10,Sapphire|Steel,https://inkdecks.com/lorcana-metagame/deck-detective-499480,https://inkdecks.com/lorcana-tournaments/road-to-lorcana-12-saison-10-tournament-decks-363051,363051,0688c7305864e039dceab3b4e7304c3950a23f75df1bcd8ea7ed110003785095,2026-02-20T16:49:15.607Z,17,177
80755b52471becaa50ed3ca6402c9d16a081981565fb64988676f135972fa2fe,Set 10 - Améthyste/Acier - Hadès by Morgan(titi13130),,,road to lorcana 12 saison 10,Steel|Amethyst,https://inkdecks.com/lorcana-metagame/deck-set-10-amethyste-acier-hades-499482,https://inkdecks.com/lorcana-tournaments/road-to-lorcana-12-saison-10-tournament-decks-363051,363051,80755b52471becaa50ed3ca6402c9d16a081981565fb64988676f135972fa2fe,2026-02-20T16:49:19.625Z,22,178
8ff816ad31ede6de4100b738174c9322ae911a6b636bba949eaf3431e4f41d5d,Set 10 - Ambre/Améthyste - Midrange by dihensoeur,,,road to lorcana 12 saison 10,Amber|Amethyst,https://inkdecks.com/lorcana-metagame/deck-set-10-ambre-amethyste-midrange-499484,https://inkdecks.com/lorcana-tournaments/road-to-lorcana-12-saison-10-tournament-decks-363051,363051,8ff816ad31ede6de4100b738174c9322ae911a6b636bba949eaf3431e4f41d5d,2026-02-20T16:49:23.635Z,19,179
4437105797c892b79801fb293ed672038e431b301a2c130983de0067d654cccd,Set 11 - Améthyste/Émeraude by Naty montez,,,road to lorcana 12 saison 10,Emerald|Amethyst,https://inkdecks.com/lorcana-metagame/deck-set-11-amethyste-emeraude-499485,https://inkdecks.com/lorcana-tournaments/road-to-lorcana-12-saison-10-tournament-decks-363051,363051,4437105797c892b79801fb293ed672038e431b301a2c130983de0067d654cccd,2026-02-20T16:49:25.639Z,19,180
82c5412652d71a5cb0ffeaef99d0f7d33a28c06fcce35777530d73e6499b784b,Max by Shinogawa,,,road to lorcana 12 saison 10,Emerald|Ruby,https://inkdecks.com/lorcana-metagame/deck-max-499486,https://inkdecks.com/lorcana-tournaments/road-to-lorcana-12-saison-10-tournament-decks-363051,363051,82c5412652d71a5cb0ffeaef99d0f7d33a28c06fcce35777530d73e6499b784b,2026-02-20T16:49:27.644Z,18,181
11597cc07c727104ce4bccfcb33d8c27870e7f439e467d5b205fd43d9454a419,RP - Midazo by [Æ] Mallo,,,road to lorcana 12 saison 10,Amethyst|Ruby,https://inkdecks.com/lorcana-metagame/deck-rp-midazo-499487,https://inkdecks.com/lorcana-tournaments/road-to-lorcana-12-saison-10-tournament-decks-363051,363051,11597cc07c727104ce4bccfcb33d8c27870e7f439e467d5b205fd43d9454a419,2026-02-20T16:49:29.641Z,17,182
d9c3363fc78fbb5fe595254777e7ac530441bb5049e9536a990b4d7516cc4c7f,S10 bleu jaune ctrl by [AD-S] Shamandoc,,,road to lorcana 12 saison 10,Sapphire|Amber,https://inkdecks.com/lorcana-metagame/deck-s10-bleu-jaune-ctrl-499488,https://inkdecks.com/lorcana-tournaments/road-to-lorcana-12-saison-10-tournament-decks-363051,363051,d9c3363fc78fbb5fe595254777e7ac530441bb5049e9536a990b4d7516cc4c7f,2026-02-20T16:49:31.641Z,18,183
5bfff49f44d1443b6d74bed8c30b61a28607b404ee688c0925b79367e8e6da8f,FairyLoong-gogogo by Ruizhe Guo,,,disney lorcana challenge dlc hong kong 2026,Sapphire|Amethyst,https://inkdecks.com/lorcana-metagame/deck-fairyloong-gogogo-499289,https://inkdecks.com/lorcana-tournaments/disney-lorcana-challenge-dlc-hong-kong-2026-tournament-decks-363148,363148,5bfff49f44d1443b6d74bed8c30b61a28607b404ee688c0925b79367e8e6da8f,2026-02-20T16:50:36.212Z,20,184
bc655f8ab4fe2fd318cebfe881add4a628337d20e3dc13519c02cec2840de112,HK DLC Winner List by FinallyMario,,,disney lorcana challenge dlc hong kong 2026,Steel|Amethyst,https://inkdecks.com/lorcana-metagame/deck-hk-dlc-winner-list-499560,https://inkdecks.com/lorcana-tournaments/disney-lorcana-challenge-dlc-hong-kong-2026-tournament-decks-363148,363148,bc655f8ab4fe2fd318cebfe881add4a628337d20e3dc13519c02cec2840de112,2026-02-20T16:50:40.222Z,21,185
49f34210356076f73abc0f5a39950c74a971181741a964704ed7760f5f705399,Woof Woof! by Sunrise,,,disney lorcana challenge dlc hong kong 2026,Emerald|Amber,https://inkdecks.com/lorcana-metagame/deck-woof-woof-499264,https://inkdecks.com/lorcana-tournaments/disney-lorcana-challenge-dlc-hong-kong-2026-tournament-decks-363148,363148,49f34210356076f73abc0f5a39950c74a971181741a964704ed7760f5f705399,2026-02-20T16:50:42.224Z,17,186
da027ac5b06e038811b7cb185aaa247fa15d75f0c4a659bcc2a2569cb43f2ec5,CowB Detective by madoka_hk,,,disney lorcana challenge dlc hong kong 2026,Sapphire|Emerald,https://inkdecks.com/lorcana-metagame/deck-cowb-detective-499207,https://inkdecks.com/lorcana-tournaments/disney-lorcana-challenge-dlc-hong-kong-2026-tournament-decks-363148,363148,da027ac5b06e038811b7cb185aaa247fa15d75f0c4a659bcc2a2569cb43f2ec5,2026-02-20T16:50:44.237Z,16,187
2dc6b730986e0a978f24f420a18903abc8a1e407da977ac9bb1419ae7244f4a0,Sapphire Emerald by Autumn Burchett,,,disney lorcana challenge dlc hong kong 2026,Emerald|Sapphire,https://inkdecks.com/lorcana-metagame/deck-sapphire-emerald-499226,https://inkdecks.com/lorcana-tournaments/disney-lorcana-challenge-dlc-hong-kong-2026-tournament-decks-363148,363148,2dc6b730986e0a978f24f420a18903abc8a1e407da977ac9bb1419ae7244f4a0,2026-02-20T16:50:46.249Z,18,188
1e1ab9cc57cae94c6111b695f0bde1cd1c8c5d477f952ecfba06264c458a8137,Steel Amethyst by Zackarias,,,disney lorcana challenge dlc hong kong 2026,Steel|Amethyst,https://inkdecks.com/lorcana-metagame/deck-steel-amethyst-499242,https://inkdecks.com/lorcana-tournaments/disney-lorcana-challenge-dlc-hong-kong-2026-tournament-decks-363148,363148,1e1ab9cc57cae94c6111b695f0bde1cd1c8c5d477f952ecfba06264c458a8137,2026-02-20T16:50:48.261Z,20,189
7fba5e74d928bb1a4f1c094e0b522f6a44eafb7f8f7e5a58822be02b5ec295fc,"Blurple Elsa Special by Edgar ""Edge"" de Pedro",,,disney lorcana challenge dlc hong kong 2026,Sapphire|Amethyst,https://inkdecks.com/lorcana-metagame/deck-blurple-elsa-special-499274,https://inkdecks.com/lorcana-tournaments/disney-lorcana-challenge-dlc-hong-kong-2026-tournament-decks-363148,363148,7fba5e74d928bb1a4f1c094e0b522f6a44eafb7f8f7e5a58822be02b5ec295fc,2026-02-20T16:50:50.274Z,18,190
0eecec4dfaae3bbef618b74ad61af22f783ddebf30af3027a773352773737dd8,Sapphire Amethyst by Mind Game Team,,,disney lorcana challenge dlc hong kong 2026,Sapphire|Amethyst,https://inkdecks.com/lorcana-metagame/deck-sapphire-amethyst-499208,https://inkdecks.com/lorcana-tournaments/disney-lorcana-challenge-dlc-hong-kong-2026-tournament-decks-363148,363148,0eecec4dfaae3bbef618b74ad61af22f783ddebf30af3027a773352773737dd8,2026-02-20T16:50:54.294Z,18,191
7fcb0deb717e201420971b541d08ecb22b9b75fc582e32bb1e20934e79c87ab6,Sea dogs by Johnson Yip,,,disney lorcana challenge dlc hong kong 2026,Emerald|Amber,https://inkdecks.com/lorcana-metagame/deck-sea-dogs-499262,https://inkdecks.com/lorcana-tournaments/disney-lorcana-challenge-dlc-hong-kong-2026-tournament-decks-363148,363148,7fcb0deb717e201420971b541d08ecb22b9b75fc582e32bb1e20934e79c87ab6,2026-02-20T16:50:56.307Z,18,192
a8102a315a6f45acb84f7dca03ca00ed1d0fd0bb44aa06b31ab1a0443d81e166,JASTIN Dig by Justin Morales,,,disney lorcana challenge dlc hong kong 2026,Steel|Sapphire,https://inkdecks.com/lorcana-metagame/deck-jastin-dig-499232,https://inkdecks.com/lorcana-tournaments/disney-lorcana-challenge-dlc-hong-kong-2026-tournament-decks-363148,363148,a8102a315a6f45acb84f7dca03ca00ed1d0fd0bb44aa06b31ab1a0443d81e166,2026-02-20T16:50:58.319Z,17,193
a8c419d0b5a674d11043ea8796e97098767bbc3549fad27d9d544508a6b5bce4,Sapphire Amethyst by DKP,,,disney lorcana challenge dlc hong kong 2026,Sapphire|Amethyst,https://inkdecks.com/lorcana-metagame/deck-sapphire-amethyst-499491,https://inkdecks.com/lorcana-tournaments/disney-lorcana-challenge-dlc-hong-kong-2026-tournament-decks-363148,363148,a8c419d0b5a674d11043ea8796e97098767bbc3549fad27d9d544508a6b5bce4,2026-02-20T16:51:00.329Z,18,194
6aa8064462f94152868f2c9a9848c91de06d720749a42404ab8eb5a65deb8c88,Amber Amethyst by RHS_Ricemaster,,,disney lorcana challenge dlc hong kong 2026,Amber|Amethyst,https://inkdecks.com/lorcana-metagame/deck-amber-amethyst-499210,https://inkdecks.com/lorcana-tournaments/disney-lorcana-challenge-dlc-hong-kong-2026-tournament-decks-363148,363148,6aa8064462f94152868f2c9a9848c91de06d720749a42404ab8eb5a65deb8c88,2026-02-20T16:51:02.336Z,18,195
2993d1fbb223a69e8490f10d54d0944ffd243f07fee7758e0f3461e1ba180e1f,Momo's AS Aggro by Momomon,,,disney lorcana challenge dlc hong kong 2026,Amber|Steel,https://inkdecks.com/lorcana-metagame/deck-momo-s-as-aggro-499288,https://inkdecks.com/lorcana-tournaments/disney-lorcana-challenge-dlc-hong-kong-2026-tournament-decks-363148,363148,2993d1fbb223a69e8490f10d54d0944ffd243f07fee7758e0f3461e1ba180e1f,2026-02-20T16:51:04.348Z,16,196
dc7696e37bf7430226217c275ede1a525a70be7a4a85131a63ba7602c09a2e72,Hope I can find one more spooky by Kenson Chau,,,disney lorcana challenge dlc hong kong 2026,Sapphire|Steel,https://inkdecks.com/lorcana-metagame/deck-hope-i-can-find-one-more-spooky-499228,https://inkdecks.com/lorcana-tournaments/disney-lorcana-challenge-dlc-hong-kong-2026-tournament-decks-363148,363148,dc7696e37bf7430226217c275ede1a525a70be7a4a85131a63ba7602c09a2e72,2026-02-20T16:51:06.362Z,19,197
500b5f64857509eae4f8c3ad2ce1b0b877f54886d7ee39961c8a34ba6e56a7dc,Steel Amethyst by Nathanbbbb,,,disney lorcana challenge dlc hong kong 2026,Steel|Amethyst,https://inkdecks.com/lorcana-metagame/deck-steel-amethyst-499227,https://inkdecks.com/lorcana-tournaments/disney-lorcana-challenge-dlc-hong-kong-2026-tournament-decks-363148,363148,500b5f64857509eae4f8c3ad2ce1b0b877f54886d7ee39961c8a34ba6e56a7dc,2026-02-20T16:51:08.370Z,21,198
57f32dc198fbb984e6736e43f53abc20619d742857d8d1af7bcdf1fd88dfa1a0,Amber Amethyst by Smpcavery,,,disney lorcana challenge dlc hong kong 2026,Amber|Amethyst,https://inkdecks.com/lorcana-metagame/deck-amber-amethyst-499206,https://inkdecks.com/lorcana-tournaments/disney-lorcana-challenge-dlc-hong-kong-2026-tournament-decks-363148,363148,57f32dc198fbb984e6736e43f53abc20619d742857d8d1af7bcdf1fd88dfa1a0,2026-02-20T16:51:12.379Z,18,199
bc50635b9305d2fbb18fc519de4b8ae0abd02d99173aba3dd8e018465011c9f9,bp by ArGau,,,disney lorcana challenge dlc hong kong 2026,Sapphire|Amethyst,https://inkdecks.com/lorcana-metagame/deck-bp-499272,https://inkdecks.com/lorcana-tournaments/disney-lorcana-challenge-dlc-hong-kong-2026-tournament-decks-363148,363148,bc50635b9305d2fbb18fc519de4b8ae0abd02d99173aba3dd8e018465011c9f9,2026-02-20T16:51:14.373Z,18,200
536110f83678841d8a4baefca75afadd49e6eac8d6e04636e2c5ae480ad62d91,Blurple Steelsong by Ian T,,,disney lorcana challenge dlc hong kong 2026,Steel|Amethyst,https://inkdecks.com/lorcana-metagame/deck-blurple-steelsong-499364,https://inkdecks.com/lorcana-tournaments/disney-lorcana-challenge-dlc-hong-kong-2026-tournament-decks-363148,363148,536110f83678841d8a4baefca75afadd49e6eac8d6e04636e2c5ae480ad62d91,2026-02-20T16:51:16.389Z,21,201
ce10e0fa2ea47cf57b08c86be34d86adbb512d70c3beca0802b944c93887d7ca,Set 10 by Matsuzaki,,,disney lorcana challenge dlc hong kong 2026,Steel|Amethyst,https://inkdecks.com/lorcana-metagame/deck-set-10-499205,https://inkdecks.com/lorcana-tournaments/disney-lorcana-challenge-dlc-hong-kong-2026-tournament-decks-363148,363148,ce10e0fa2ea47cf57b08c86be34d86adbb512d70c3beca0802b944c93887d7ca,2026-02-20T16:51:20.409Z,20,202
76cbb117a411617db612e45925c7a75e17a39497410fc100758ca8029fc574f9,Sapphire Amethyst by Bardacado,,,disney lorcana challenge dlc hong kong 2026,Sapphire|Amethyst,https://inkdecks.com/lorcana-metagame/deck-sapphire-amethyst-499215,https://inkdecks.com/lorcana-tournaments/disney-lorcana-challenge-dlc-hong-kong-2026-tournament-decks-363148,363148,76cbb117a411617db612e45925c7a75e17a39497410fc100758ca8029fc574f9,2026-02-20T16:51:22.425Z,17,203
06bebb288c9100805725956dcd5294a55155bc04923ba8c7697c76628a3b6f51,Baloople by Charon,,,disney lorcana challenge dlc hong kong 2026,Amethyst|Emerald,https://inkdecks.com/lorcana-metagame/deck-baloople-499295,https://inkdecks.com/lorcana-tournaments/disney-lorcana-challenge-dlc-hong-kong-2026-tournament-decks-363148,363148,06bebb288c9100805725956dcd5294a55155bc04923ba8c7697c76628a3b6f51,2026-02-20T16:51:24.425Z,20,204
e7542e7909d85c18011e0989d56e3f0644f3c2f8f088bb35704fe79d3b9b7204,Sapphire Emerald by Kyuu,,,disney lorcana challenge dlc hong kong 2026,Emerald|Sapphire,https://inkdecks.com/lorcana-metagame/deck-sapphire-emerald-499243,https://inkdecks.com/lorcana-tournaments/disney-lorcana-challenge-dlc-hong-kong-2026-tournament-decks-363148,363148,e7542e7909d85c18011e0989d56e3f0644f3c2f8f088bb35704fe79d3b9b7204,2026-02-20T16:51:28.443Z,18,205
692c58e809018000c6b65f0b46081a399f70d3fd5e282508dd932b0ebb0194c3,Steel Ruby by Damien,,,le joker championnat de set 10 lorcana,Steel|Ruby,https://inkdecks.com/lorcana-metagame/deck-steel-ruby-499270,https://inkdecks.com/lorcana-tournaments/le-joker-championnat-de-set-10-lorcana-tournament-decks-363154,363154,692c58e809018000c6b65f0b46081a399f70d3fd5e282508dd932b0ebb0194c3,2026-02-20T16:52:19.008Z,16,206
4fedaa7b8d889972f6bd8edd94d3ad11907914f650b6d9699c5fa9222c3fd6bc,In Ursula We Trust by jwrobel,,,lorcana ccq warsaw 2026,Sapphire|Amethyst,https://inkdecks.com/lorcana-metagame/deck-in-ursula-we-trust-499256,https://inkdecks.com/lorcana-tournaments/lorcana-ccq-warsaw-2026-tournament-decks-363147,363147,4fedaa7b8d889972f6bd8edd94d3ad11907914f650b6d9699c5fa9222c3fd6bc,2026-02-20T16:52:41.517Z,17,207
9a33e41f261952a40e9fdcc15d52469cb3b6daf2c07f5fb3ec7761713a28e93a,David Pls by [M7] Emanuel,,,lorcana ccq warsaw 2026,Steel|Amethyst,https://inkdecks.com/lorcana-metagame/deck-david-pls-499241,https://inkdecks.com/lorcana-tournaments/lorcana-ccq-warsaw-2026-tournament-decks-363147,363147,9a33e41f261952a40e9fdcc15d52469cb3b6daf2c07f5fb3ec7761713a28e93a,2026-02-20T16:52:43.529Z,22,208
69cdf5ddb1a156fadc2b18ac4797bddfed1ef4899e5e21931d2f4e000c16d208,Dogs by Paweł,,,lorcana ccq warsaw 2026,Emerald|Amber,https://inkdecks.com/lorcana-metagame/deck-dogs-499281,https://inkdecks.com/lorcana-tournaments/lorcana-ccq-warsaw-2026-tournament-decks-363147,363147,69cdf5ddb1a156fadc2b18ac4797bddfed1ef4899e5e21931d2f4e000c16d208,2026-02-20T16:52:45.534Z,19,209
127c2a392f7a8812d3506318af05faf3f8eef30c641d42024e0e5de2a2602030,Sapphire Amethyst by TT_Makoya,,,lorcana ccq warsaw 2026,Sapphire|Amethyst,https://inkdecks.com/lorcana-metagame/deck-sapphire-amethyst-499237,https://inkdecks.com/lorcana-tournaments/lorcana-ccq-warsaw-2026-tournament-decks-363147,363147,127c2a392f7a8812d3506318af05faf3f8eef30c641d42024e0e5de2a2602030,2026-02-20T16:52:47.538Z,19,210
40e6d38a64dd16e6fbd07c41f33bed8c81da09c93db8c4c7a2f46c503308b7a8,Mazzo Operaio by Silvio Sergio Cerri,,,lorcana ccq warsaw 2026,Steel|Amethyst,https://inkdecks.com/lorcana-metagame/deck-mazzo-operaio-499909,https://inkdecks.com/lorcana-tournaments/lorcana-ccq-warsaw-2026-tournament-decks-363147,363147,40e6d38a64dd16e6fbd07c41f33bed8c81da09c93db8c4c7a2f46c503308b7a8,2026-02-20T16:52:49.540Z,18,211
1415fb57936612aefc370bbbb902b2c3b8359fccab7c4ee3b96bcb7ac647b183,Daniel's Octopus by Liryq,,,lorcana ccq warsaw 2026,Sapphire|Amethyst,https://inkdecks.com/lorcana-metagame/deck-daniel-s-octopus-499290,https://inkdecks.com/lorcana-tournaments/lorcana-ccq-warsaw-2026-tournament-decks-363147,363147,1415fb57936612aefc370bbbb902b2c3b8359fccab7c4ee3b96bcb7ac647b183,2026-02-20T16:52:51.553Z,18,212
0869bb11d076f49c2302027a192731ef156093cd1baf4a9aad87b035a8d26b3f,Granuel by Dimbar,,,lorcana ccq warsaw 2026,Steel|Amethyst,https://inkdecks.com/lorcana-metagame/deck-granuel-499254,https://inkdecks.com/lorcana-tournaments/lorcana-ccq-warsaw-2026-tournament-decks-363147,363147,0869bb11d076f49c2302027a192731ef156093cd1baf4a9aad87b035a8d26b3f,2026-02-20T16:52:53.563Z,23,213
d284b5d8a3b1348899aca21001e6d7b57b9421c8f5e06e94c3268ac658b9a571,Definitely Not Cows by daavcio,,,lorcana ccq warsaw 2026,Emerald|Sapphire,https://inkdecks.com/lorcana-metagame/deck-definitely-not-cows-499245,https://inkdecks.com/lorcana-tournaments/lorcana-ccq-warsaw-2026-tournament-decks-363147,363147,d284b5d8a3b1348899aca21001e6d7b57b9421c8f5e06e94c3268ac658b9a571,2026-02-20T16:52:55.574Z,18,214
562d72d576e929b7479e22b3b719ee31062b1868eb5874d88852703316b2396c,OTK copium by [M7] stankol,,,lorcana ccq warsaw 2026,Amethyst|Amber,https://inkdecks.com/lorcana-metagame/deck-otk-copium-499255,https://inkdecks.com/lorcana-tournaments/lorcana-ccq-warsaw-2026-tournament-decks-363147,363147,562d72d576e929b7479e22b3b719ee31062b1868eb5874d88852703316b2396c,2026-02-20T16:52:57.583Z,18,215
7b12c017d8633e209dc2fdf32be1a75decfe94bd9aeb8e4c6eb0838892591a00,Amethyst Emerald by TSR-Luminator,,,lorcana ccq warsaw 2026,Emerald|Amethyst,https://inkdecks.com/lorcana-metagame/deck-amethyst-emerald-499238,https://inkdecks.com/lorcana-tournaments/lorcana-ccq-warsaw-2026-tournament-decks-363147,363147,7b12c017d8633e209dc2fdf32be1a75decfe94bd9aeb8e4c6eb0838892591a00,2026-02-20T16:52:59.600Z,16,216
4d10fe5aa5fb1199a009058289421bd3d37e7448ef60fa5b03fd4cd65f0efe79,Amber Emerald by Stefan,,,lorcana ccq warsaw 2026,Emerald|Amber,https://inkdecks.com/lorcana-metagame/deck-amber-emerald-499239,https://inkdecks.com/lorcana-tournaments/lorcana-ccq-warsaw-2026-tournament-decks-363147,363147,4d10fe5aa5fb1199a009058289421bd3d37e7448ef60fa5b03fd4cd65f0efe79,2026-02-20T16:53:01.610Z,17,217
e671c0bc958f0c1803b283c7790c916b210e0de2195dce21a14e0fbfe5d996e8,Bubblegum by JP,,,lorcana ccq warsaw 2026,Emerald|Sapphire,https://inkdecks.com/lorcana-metagame/deck-bubblegum-499247,https://inkdecks.com/lorcana-tournaments/lorcana-ccq-warsaw-2026-tournament-decks-363147,363147,e671c0bc958f0c1803b283c7790c916b210e0de2195dce21a14e0fbfe5d996e8,2026-02-20T16:53:03.619Z,17,218
b988259a0a62c3572e15b7a18f50f9449b1d7ed7194560125ee424c424476005,#2 by NightRaven,,,lorcana ccq warsaw 2026,Steel|Sapphire,https://inkdecks.com/lorcana-metagame/deck-2-499266,https://inkdecks.com/lorcana-tournaments/lorcana-ccq-warsaw-2026-tournament-decks-363147,363147,b988259a0a62c3572e15b7a18f50f9449b1d7ed7194560125ee424c424476005,2026-02-20T16:53:05.625Z,20,219
0631856973f6db9dc97215935c75fe508aafe7cd6cac0234664803a4d9c7cf84,Deal with it by Jiří Majer,,,lorcana ccq warsaw 2026,Steel|Amethyst,https://inkdecks.com/lorcana-metagame/deck-deal-with-it-499253,https://inkdecks.com/lorcana-tournaments/lorcana-ccq-warsaw-2026-tournament-decks-363147,363147,0631856973f6db9dc97215935c75fe508aafe7cd6cac0234664803a4d9c7cf84,2026-02-20T16:53:07.635Z,18,220
33c18acab555f586838d7ff5104b7f469a16d08ae0e99d3af038056f64a15578,Allied Tanks by bmroz,,,lorcana ccq warsaw 2026,Steel|Sapphire,https://inkdecks.com/lorcana-metagame/deck-allied-tanks-499265,https://inkdecks.com/lorcana-tournaments/lorcana-ccq-warsaw-2026-tournament-decks-363147,363147,33c18acab555f586838d7ff5104b7f469a16d08ae0e99d3af038056f64a15578,2026-02-20T16:53:13.649Z,17,221
7f5ccda3515539cf2658f4690e4bee710a1d7166b6d7d7e5ceb62c15a9a9acbf,Blurple by Timhalf,,,lorcana ccq warsaw 2026,Sapphire|Amethyst,https://inkdecks.com/lorcana-metagame/deck-blurple-499258,https://inkdecks.com/lorcana-tournaments/lorcana-ccq-warsaw-2026-tournament-decks-363147,363147,7f5ccda3515539cf2658f4690e4bee710a1d7166b6d7d7e5ceb62c15a9a9acbf,2026-02-20T16:53:15.661Z,19,222
292f4df0194292e6f1d3a024326f154df681af65e06f24c12bfc06385de8ef7e,K10 - Mach doch v2 by IKO_Carrier,,,lorcana ccq warsaw 2026,Sapphire|Amethyst,https://inkdecks.com/lorcana-metagame/deck-k10-mach-doch-v2-499240,https://inkdecks.com/lorcana-tournaments/lorcana-ccq-warsaw-2026-tournament-decks-363147,363147,292f4df0194292e6f1d3a024326f154df681af65e06f24c12bfc06385de8ef7e,2026-02-20T16:53:19.672Z,19,223
8d42a3caf693dbfb1da4bdf81007d77cb1726627339fcad8e18259e32078cae0,Purple Killer by Gruwski,,,lorcana ccq warsaw 2026,Amber|Amethyst,https://inkdecks.com/lorcana-metagame/deck-purple-killer-499257,https://inkdecks.com/lorcana-tournaments/lorcana-ccq-warsaw-2026-tournament-decks-363147,363147,8d42a3caf693dbfb1da4bdf81007d77cb1726627339fcad8e18259e32078cae0,2026-02-20T16:53:21.681Z,19,224
365c6c7d701d2f7110ff2641171871a7ac010de2d149ea56cacd1c4a080da7f5,Lorecaster by Rico,,,lorcana ccq warsaw 2026,Emerald|Amethyst,https://inkdecks.com/lorcana-metagame/deck-lorecaster-499688,https://inkdecks.com/lorcana-tournaments/lorcana-ccq-warsaw-2026-tournament-decks-363147,363147,365c6c7d701d2f7110ff2641171871a7ac010de2d149ea56cacd1c4a080da7f5,2026-02-20T16:53:23.701Z,19,225
2786446e5b9049281dcd59971c11e70f60e2c2b8f0db4ff7d8f630b875745b65,Bounce control by ulvulv,,,lorcana ccq warsaw 2026,Emerald|Sapphire,https://inkdecks.com/lorcana-metagame/deck-bounce-control-499250,https://inkdecks.com/lorcana-tournaments/lorcana-ccq-warsaw-2026-tournament-decks-363147,363147,2786446e5b9049281dcd59971c11e70f60e2c2b8f0db4ff7d8f630b875745b65,2026-02-20T16:53:25.715Z,18,226
2b7621cdcb74fd3cfb2a174116becebebb6cb0d68c62b313b4b543b592d4f3e4,"No Dogs, Plox! by voj4k",,,lorcana ccq warsaw 2026,Emerald|Sapphire,https://inkdecks.com/lorcana-metagame/deck-no-dogs-plox-499252,https://inkdecks.com/lorcana-tournaments/lorcana-ccq-warsaw-2026-tournament-decks-363147,363147,2b7621cdcb74fd3cfb2a174116becebebb6cb0d68c62b313b4b543b592d4f3e4,2026-02-20T16:53:27.721Z,18,227
052fc46b7d7011990dfe3acfc2be85230b74d519513d0a04e0e8c60cd7567c9a,Lantern Strikes! by Alexx,,,train ink win a box montpellier,Amber|Amethyst,https://inkdecks.com/lorcana-metagame/deck-lantern-strikes-499166,https://inkdecks.com/lorcana-tournaments/train-ink-win-a-box-montpellier-tournament-decks-363146,363146,052fc46b7d7011990dfe3acfc2be85230b74d519513d0a04e0e8c60cd7567c9a,2026-02-20T16:54:16.323Z,22,228
08756c9748e1d66594935696a4f77d12b6375944764e254d5f308544260767e1,Chiens combo by GreatPlayerOnizuka,,,train ink win a box montpellier,Emerald|Amber,https://inkdecks.com/lorcana-metagame/deck-chiens-combo-499203,https://inkdecks.com/lorcana-tournaments/train-ink-win-a-box-montpellier-tournament-decks-363146,363146,08756c9748e1d66594935696a4f77d12b6375944764e254d5f308544260767e1,2026-02-20T16:54:20.338Z,19,229
12177bfc732490cb99611b50ce9b92f842af611ae6855021e3009f0b00154b59,bleen 10.5 by [MHL] Kel,,,train ink win a box montpellier,Emerald|Sapphire,https://inkdecks.com/lorcana-metagame/deck-bleen-10-5-499161,https://inkdecks.com/lorcana-tournaments/train-ink-win-a-box-montpellier-tournament-decks-363146,363146,12177bfc732490cb99611b50ce9b92f842af611ae6855021e3009f0b00154b59,2026-02-20T16:54:24.354Z,18,230
9445fd2f57ef6f30babffc5e10726722dea654d6631921a6dcdb871cf3a38399,Useful Aurora V.2 (Alt.) by Tinuviel,,,train ink win a box montpellier,Amber|Steel,https://inkdecks.com/lorcana-metagame/deck-useful-aurora-v-2-alt-499165,https://inkdecks.com/lorcana-tournaments/train-ink-win-a-box-montpellier-tournament-decks-363146,363146,9445fd2f57ef6f30babffc5e10726722dea654d6631921a6dcdb871cf3a38399,2026-02-20T16:54:26.356Z,19,231
ba49eaf9d1f298fab1f7561cba5e1d676163c84204e9754cd69fb05f6a446530,Yurple by [TTS] Hoj,,,train ink win a box montpellier,Amber|Amethyst,https://inkdecks.com/lorcana-metagame/deck-yurple-499160,https://inkdecks.com/lorcana-tournaments/train-ink-win-a-box-montpellier-tournament-decks-363146,363146,ba49eaf9d1f298fab1f7561cba5e1d676163c84204e9754cd69fb05f6a446530,2026-02-20T16:54:28.362Z,22,232
ed3021de0dcdbb9f8e22ccbcd97d9c91a2a7fc341a70630557ab190603e99798,vv tempo by [MHL] Khazax,,,train ink win a box montpellier,Emerald|Amethyst,https://inkdecks.com/lorcana-metagame/deck-vv-tempo-499162,https://inkdecks.com/lorcana-tournaments/train-ink-win-a-box-montpellier-tournament-decks-363146,363146,ed3021de0dcdbb9f8e22ccbcd97d9c91a2a7fc341a70630557ab190603e99798,2026-02-20T16:54:30.365Z,17,233
63396adff82925b81160ce935ce8705ede23db4cc48eff27b63701857abc79e3,I’m sick of dogs by Andrei Ativo,,,cardboardia whispers in the well set champs,Steel|Sapphire,https://inkdecks.com/lorcana-metagame/deck-i-m-sick-of-dogs-499158,https://inkdecks.com/lorcana-tournaments/cardboardia-whispers-in-the-well-set-champs-tournament-decks-363145,363145,63396adff82925b81160ce935ce8705ede23db4cc48eff27b63701857abc79e3,2026-02-20T16:55:08.931Z,17,234
82cb534c6fa1b0851000a7fd724d2fdfb5eb40737a25a001ace87b43a17c37e3,Blurp by Shane Downey,,,cardboardia whispers in the well set champs,Sapphire|Amethyst,https://inkdecks.com/lorcana-metagame/deck-blurp-499152,https://inkdecks.com/lorcana-tournaments/cardboardia-whispers-in-the-well-set-champs-tournament-decks-363145,363145,82cb534c6fa1b0851000a7fd724d2fdfb5eb40737a25a001ace87b43a17c37e3,2026-02-20T16:55:10.948Z,20,235
d5a9031040d8e25a4e16b24099fed2bce7f65f1e0977af02453295db6c38c397,Blurple Season by Andrew Chhun,,,cardboardia whispers in the well set champs,Sapphire|Amethyst,https://inkdecks.com/lorcana-metagame/deck-blurple-season-499154,https://inkdecks.com/lorcana-tournaments/cardboardia-whispers-in-the-well-set-champs-tournament-decks-363145,363145,d5a9031040d8e25a4e16b24099fed2bce7f65f1e0977af02453295db6c38c397,2026-02-20T16:55:12.955Z,21,236
c9fab42da3af45ce36502ad472f8df963886e49904a65f9dbd37e143c8ff731a,The Deck was already sleeved 😭 by James Silvas,,,cardboardia whispers in the well set champs,Sapphire|Amethyst,https://inkdecks.com/lorcana-metagame/deck-the-deck-was-already-sleeved-499159,https://inkdecks.com/lorcana-tournaments/cardboardia-whispers-in-the-well-set-champs-tournament-decks-363145,363145,c9fab42da3af45ce36502ad472f8df963886e49904a65f9dbd37e143c8ff731a,2026-02-20T16:55:14.952Z,19,237
26384b7eae51b316f3675e5279d84cda1ec4d8a32722c0c03562054ce0c925e1,Blue Steel Detectives by Gaven Masiero,,,cardboardia whispers in the well set champs,Sapphire|Steel,https://inkdecks.com/lorcana-metagame/deck-blue-steel-detectives-499150,https://inkdecks.com/lorcana-tournaments/cardboardia-whispers-in-the-well-set-champs-tournament-decks-363145,363145,26384b7eae51b316f3675e5279d84cda1ec4d8a32722c0c03562054ce0c925e1,2026-02-20T16:55:16.954Z,20,238
13e2d0a9416852da01f64415567911ab0ad55796238f05b8ff4d571c8e0949a1,Apply Pressure by Justin Gray,,,cardboardia whispers in the well set champs,Emerald|Amethyst,https://inkdecks.com/lorcana-metagame/deck-apply-pressure-499153,https://inkdecks.com/lorcana-tournaments/cardboardia-whispers-in-the-well-set-champs-tournament-decks-363145,363145,13e2d0a9416852da01f64415567911ab0ad55796238f05b8ff4d571c8e0949a1,2026-02-20T16:55:18.953Z,17,239
235c2c1f55e4c5c669cb09faf89abcc1f3e34787fc134b0551096202ad19533f,Webby by Fran R,,,cardboardia whispers in the well set champs,Emerald|Amethyst,https://inkdecks.com/lorcana-metagame/deck-webby-499155,https://inkdecks.com/lorcana-tournaments/cardboardia-whispers-in-the-well-set-champs-tournament-decks-363145,363145,235c2c1f55e4c5c669cb09faf89abcc1f3e34787fc134b0551096202ad19533f,2026-02-20T16:55:20.963Z,19,240
cbafe7f83211d20875da0f3e319680e04b0f8838ac5440c4acf298a30a675c9e,Gold pups by Ryan lopez,,,cardboardia whispers in the well set champs,Amber|Sapphire,https://inkdecks.com/lorcana-metagame/deck-gold-pups-499156,https://inkdecks.com/lorcana-tournaments/cardboardia-whispers-in-the-well-set-champs-tournament-decks-363145,363145,cbafe7f83211d20875da0f3e319680e04b0f8838ac5440c4acf298a30a675c9e,2026-02-20T16:55:22.971Z,18,241
4d38bf1caabce343d0fff07df4b411c33c2d8a1a23db9d731ed24ee8e49e0f6f,💙💜 by Lucy Luna,,,cardboardia whispers in the well set champs,Sapphire|Amethyst,https://inkdecks.com/lorcana-metagame/deck-decklists-499157,https://inkdecks.com/lorcana-tournaments/cardboardia-whispers-in-the-well-set-champs-tournament-decks-363145,363145,4d38bf1caabce343d0fff07df4b411c33c2d8a1a23db9d731ed24ee8e49e0f6f,2026-02-20T16:55:24.986Z,21,242
a253d8fab3e700eb441b8c924c6e9c9734c323edc88feb48430d80ae8a6fdb0c,Blurple Scuttle set10 by Toffan,,,r de jeux championnat de set lueurs dans les profondeurs,Sapphire|Amethyst,https://inkdecks.com/lorcana-metagame/deck-blurple-scuttle-set10-499131,https://inkdecks.com/lorcana-tournaments/r-de-jeux-championnat-de-set-lueurs-dans-les-profondeurs-tournament-decks-363144,363144,a253d8fab3e700eb441b8c924c6e9c9734c323edc88feb48430d80ae8a6fdb0c,2026-02-20T16:56:01.572Z,18,243
0cc5ad4945291a0e5272914cca4a4f45b3b6a12eebcddd3a8e8516ab2dc727bd,Vert Bleu by DR_Yunynette,,,r de jeux championnat de set lueurs dans les profondeurs,Sapphire|Emerald,https://inkdecks.com/lorcana-metagame/deck-vert-bleu-499140,https://inkdecks.com/lorcana-tournaments/r-de-jeux-championnat-de-set-lueurs-dans-les-profondeurs-tournament-decks-363144,363144,0cc5ad4945291a0e5272914cca4a4f45b3b6a12eebcddd3a8e8516ab2dc727bd,2026-02-20T16:56:03.590Z,18,244
8885bf63dfea9826ddc315adf310ed06565e2e899218130c890bd78ceda674e5,DR_RaccoonLulu by DR_RaccoonLulu,,,r de jeux championnat de set lueurs dans les profondeurs,Amber|Amethyst,https://inkdecks.com/lorcana-metagame/deck-dr-raccoonlulu-499130,https://inkdecks.com/lorcana-tournaments/r-de-jeux-championnat-de-set-lueurs-dans-les-profondeurs-tournament-decks-363144,363144,8885bf63dfea9826ddc315adf310ed06565e2e899218130c890bd78ceda674e5,2026-02-20T16:56:05.570Z,21,245
01c2c6093a35c71a05277b477b8fa14dfd7c17550f600f48d677dc75a65024b3,Set 10 Mid-range by Meleyfir,,,r de jeux championnat de set lueurs dans les profondeurs,Amethyst|Ruby,https://inkdecks.com/lorcana-metagame/deck-set-10-mid-range-499129,https://inkdecks.com/lorcana-tournaments/r-de-jeux-championnat-de-set-lueurs-dans-les-profondeurs-tournament-decks-363144,363144,01c2c6093a35c71a05277b477b8fa14dfd7c17550f600f48d677dc75a65024b3,2026-02-20T16:56:09.580Z,19,246
aa014aafd14b85e220a30f99a78a4fcc825931b800ba83c23b467d0292986d33,VB by [EC]LeF,,,r de jeux championnat de set lueurs dans les profondeurs,Emerald|Sapphire,https://inkdecks.com/lorcana-metagame/deck-vb-499134,https://inkdecks.com/lorcana-tournaments/r-de-jeux-championnat-de-set-lueurs-dans-les-profondeurs-tournament-decks-363144,363144,aa014aafd14b85e220a30f99a78a4fcc825931b800ba83c23b467d0292986d33,2026-02-20T16:56:11.590Z,19,247
e5129e1d44e2d901d20938e06494fe944175676beeebc8756703374136886933,Dogs by AnthoFo,,,r de jeux championnat de set lueurs dans les profondeurs,Emerald|Amber,https://inkdecks.com/lorcana-metagame/deck-dogs-499138,https://inkdecks.com/lorcana-tournaments/r-de-jeux-championnat-de-set-lueurs-dans-les-profondeurs-tournament-decks-363144,363144,e5129e1d44e2d901d20938e06494fe944175676beeebc8756703374136886933,2026-02-20T16:56:13.616Z,19,248
44339e8680f88fe75c8ab683c07df0de9369d7e94afd84c8bf9873718b680e5e,Farfa by Farfa,,,r de jeux championnat de set lueurs dans les profondeurs,Amethyst|Emerald,https://inkdecks.com/lorcana-metagame/deck-farfa-499133,https://inkdecks.com/lorcana-tournaments/r-de-jeux-championnat-de-set-lueurs-dans-les-profondeurs-tournament-decks-363144,363144,44339e8680f88fe75c8ab683c07df0de9369d7e94afd84c8bf9873718b680e5e,2026-02-20T16:56:15.606Z,21,249
72e414302017cffa29698d34b69fd00282dc84b42823ab4361909ac8592226f5,Steel Purple Chap 10 by Valiant_Lion_0798,,,r de jeux championnat de set lueurs dans les profondeurs,Steel|Amethyst,https://inkdecks.com/lorcana-metagame/deck-steel-purple-chap-10-499135,https://inkdecks.com/lorcana-tournaments/r-de-jeux-championnat-de-set-lueurs-dans-les-profondeurs-tournament-decks-363144,363144,72e414302017cffa29698d34b69fd00282dc84b42823ab4361909ac8592226f5,2026-02-20T16:56:17.619Z,20,250
576273e44e57aec89eaf03081b31d8cb8b0a0944f354d6a6faeaa5f72147dd62,Vert Bleu by LeaneM,,,r de jeux championnat de set lueurs dans les profondeurs,Emerald|Sapphire,https://inkdecks.com/lorcana-metagame/deck-vert-bleu-499137,https://inkdecks.com/lorcana-tournaments/r-de-jeux-championnat-de-set-lueurs-dans-les-profondeurs-tournament-decks-363144,363144,576273e44e57aec89eaf03081b31d8cb8b0a0944f354d6a6faeaa5f72147dd62,2026-02-20T16:56:19.629Z,16,251
d4facbe4b1b3bfac42e55e1d3eff4867acab6a8f657f6f6655b94b9267eeefa7,RP 10.15 by TB ~ Hakio,,,road to lorcana 11 saison 10,Amethyst|Ruby,https://inkdecks.com/lorcana-metagame/deck-rp-10-15-499178,https://inkdecks.com/lorcana-tournaments/road-to-lorcana-11-saison-10-tournament-decks-363050,363050,d4facbe4b1b3bfac42e55e1d3eff4867acab6a8f657f6f6655b94b9267eeefa7,2026-02-20T16:57:06.235Z,20,252
34a469e76d405b9fb70ee2cb0fbbdb2bef7a65f5c1c7c930dd35a6f936bdedbe,Aggro for christmas by [EC] Gon20,,,road to lorcana 11 saison 10,Amber|Steel,https://inkdecks.com/lorcana-metagame/deck-aggro-for-christmas-499181,https://inkdecks.com/lorcana-tournaments/road-to-lorcana-11-saison-10-tournament-decks-363050,363050,34a469e76d405b9fb70ee2cb0fbbdb2bef7a65f5c1c7c930dd35a6f936bdedbe,2026-02-20T16:57:12.243Z,16,253
0e698c807eab6425e9f7d4add55660ed1c80402a33db5c40c3b9764ee3342459,set 10 - V5.0 by [EC] Lanstark,,,road to lorcana 11 saison 10,Steel|Amethyst,https://inkdecks.com/lorcana-metagame/deck-set-10-v5-0-499182,https://inkdecks.com/lorcana-tournaments/road-to-lorcana-11-saison-10-tournament-decks-363050,363050,0e698c807eab6425e9f7d4add55660ed1c80402a33db5c40c3b9764ee3342459,2026-02-20T16:57:14.262Z,19,254
4f9bbe0bf09274d1eb95d36e9154d3507bff8f953859717c1a938ea242eb9103,Set 11 - Améthyste/Acier - Démona by [Æ] eЯRata,,,road to lorcana 11 saison 10,Steel|Amethyst,https://inkdecks.com/lorcana-metagame/deck-set-11-amethyste-acier-demona-499183,https://inkdecks.com/lorcana-tournaments/road-to-lorcana-11-saison-10-tournament-decks-363050,363050,4f9bbe0bf09274d1eb95d36e9154d3507bff8f953859717c1a938ea242eb9103,2026-02-20T16:57:16.268Z,20,255
6fd9b0d99442da41b930558789f25924a7563a1367065e535ba87b17e367a1c7,Viouge Set 10 by Maxwell,,,road to lorcana 11 saison 10,Amethyst|Ruby,https://inkdecks.com/lorcana-metagame/deck-viouge-set-10-499184,https://inkdecks.com/lorcana-tournaments/road-to-lorcana-11-saison-10-tournament-decks-363050,363050,6fd9b0d99442da41b930558789f25924a7563a1367065e535ba87b17e367a1c7,2026-02-20T16:57:18.265Z,19,256
88a8b73e31c4b66ae85f9cf2b7ecca9a7a75c143b4c1c63b2ed6390f4b63925e,Set 11 - Améthyste/Émeraude - Prince Philippe by MicRo,,,road to lorcana 11 saison 10,Emerald|Amethyst,https://inkdecks.com/lorcana-metagame/deck-set-11-amethyste-emeraude-prince-philippe-499185,https://inkdecks.com/lorcana-tournaments/road-to-lorcana-11-saison-10-tournament-decks-363050,363050,88a8b73e31c4b66ae85f9cf2b7ecca9a7a75c143b4c1c63b2ed6390f4b63925e,2026-02-20T16:57:20.274Z,17,257
adb343f517a04e4f6330723330909f7e91b6bb83887fcac4007cf91f81e2ef9f,Set 11 - Émeraude/Saphir by Romain,,,road to lorcana 11 saison 10,Emerald|Sapphire,https://inkdecks.com/lorcana-metagame/deck-set-11-emeraude-saphir-499186,https://inkdecks.com/lorcana-tournaments/road-to-lorcana-11-saison-10-tournament-decks-363050,363050,adb343f517a04e4f6330723330909f7e91b6bb83887fcac4007cf91f81e2ef9f,2026-02-20T16:57:22.268Z,16,258
21cd8678aa760bc5db01c9a9ff60347223181b06ef7cb766cadb86b11bf56835,Set 10 - BG Dev by IINK_NeroH (Jérémy),,,road to lorcana 11 saison 10,Steel|Sapphire,https://inkdecks.com/lorcana-metagame/deck-set-10-bg-dev-499187,https://inkdecks.com/lorcana-tournaments/road-to-lorcana-11-saison-10-tournament-decks-363050,363050,21cd8678aa760bc5db01c9a9ff60347223181b06ef7cb766cadb86b11bf56835,2026-02-20T16:57:24.273Z,17,259
d387ba98aba8e30a517a8abeb83c401d4824e6db76bde39d9e81af4d678bbcd7,Rotten to the core by Silver,,,road to lorcana 11 saison 10,Steel|Amethyst,https://inkdecks.com/lorcana-metagame/deck-rotten-to-the-core-499188,https://inkdecks.com/lorcana-tournaments/road-to-lorcana-11-saison-10-tournament-decks-363050,363050,d387ba98aba8e30a517a8abeb83c401d4824e6db76bde39d9e81af4d678bbcd7,2026-02-20T16:57:26.284Z,21,260
15de6b10bd1dfe4e75f5c16371b26660005fabdbb52ba56869c77c182019af9a,chien by Frdu,,,road to lorcana 11 saison 10,Emerald|Amber,https://inkdecks.com/lorcana-metagame/deck-chien-499189,https://inkdecks.com/lorcana-tournaments/road-to-lorcana-11-saison-10-tournament-decks-363050,363050,15de6b10bd1dfe4e75f5c16371b26660005fabdbb52ba56869c77c182019af9a,2026-02-20T16:57:28.285Z,17,261
f1486b2ce3519230fec5c56ac3c00f0abca5e931198ebcaf5fb736036e7b4852,Violet vert antre by Camalo182 (Loïc),,,road to lorcana 11 saison 10,Amethyst|Emerald,https://inkdecks.com/lorcana-metagame/deck-violet-vert-antre-499190,https://inkdecks.com/lorcana-tournaments/road-to-lorcana-11-saison-10-tournament-decks-363050,363050,f1486b2ce3519230fec5c56ac3c00f0abca5e931198ebcaf5fb736036e7b4852,2026-02-20T16:57:30.291Z,16,262
bf805b14843e85a43d23e086d4e1f7741325ef9cef7c50e578d13053cce32588,Deck importé by [Æ] Doomjohn,,,road to lorcana 11 saison 10,Emerald|Sapphire,https://inkdecks.com/lorcana-metagame/deck-deck-importe-499192,https://inkdecks.com/lorcana-tournaments/road-to-lorcana-11-saison-10-tournament-decks-363050,363050,bf805b14843e85a43d23e086d4e1f7741325ef9cef7c50e578d13053cce32588,2026-02-20T16:57:34.302Z,17,263
1a51c3879872a4c8b40904c103d4ab3579ab8a2154b952f13855fe926e308eee,Canard et lapin by [EXP|627] Ramalex,,,road to lorcana 11 saison 10,Sapphire|Ruby,https://inkdecks.com/lorcana-metagame/deck-canard-et-lapin-499193,https://inkdecks.com/lorcana-tournaments/road-to-lorcana-11-saison-10-tournament-decks-363050,363050,1a51c3879872a4c8b40904c103d4ab3579ab8a2154b952f13855fe926e308eee,2026-02-20T16:57:36.303Z,18,264
b2173e961aba9f650a1e06861f16d9eff1195df65ea0b2056712a944d10305b3,Violet rouge agro by Alight,,,road to lorcana 11 saison 10,Amethyst|Ruby,https://inkdecks.com/lorcana-metagame/deck-violet-rouge-agro-499194,https://inkdecks.com/lorcana-tournaments/road-to-lorcana-11-saison-10-tournament-decks-363050,363050,b2173e961aba9f650a1e06861f16d9eff1195df65ea0b2056712a944d10305b3,2026-02-20T16:57:38.323Z,22,265
e2fb1005803a0bb8e65c49d8616e75c39ea5f980022122eee5b78c5c6187832b,Set 10 - Améthyste/Saphir Minato by [NJDS] Trendy,,,road to lorcana 11 saison 10,Sapphire|Amethyst,https://inkdecks.com/lorcana-metagame/deck-set-10-amethyste-saphir-minato-499195,https://inkdecks.com/lorcana-tournaments/road-to-lorcana-11-saison-10-tournament-decks-363050,363050,e2fb1005803a0bb8e65c49d8616e75c39ea5f980022122eee5b78c5c6187832b,2026-02-20T16:57:40.323Z,18,266
eb3c3ea62ab2303f7c8a3084e99ebfc8c45a9a4f1096c70da5b8c04b1ceb3ed7,coule lady by petermackaloway,,,road to lorcana 11 saison 10,Emerald|Amber,https://inkdecks.com/lorcana-metagame/deck-coule-lady-499196,https://inkdecks.com/lorcana-tournaments/road-to-lorcana-11-saison-10-tournament-decks-363050,363050,eb3c3ea62ab2303f7c8a3084e99ebfc8c45a9a4f1096c70da5b8c04b1ceb3ed7,2026-02-20T16:57:42.318Z,18,267
4a42c8008ee2ca17851c11c66b3720358c7969967ea698e177ff1c5b8c67339f,Set 11 - Émeraude/Saphir - Prince Philippe by Damien,,,road to lorcana 11 saison 10,Emerald|Sapphire,https://inkdecks.com/lorcana-metagame/deck-set-11-emeraude-saphir-prince-philippe-499197,https://inkdecks.com/lorcana-tournaments/road-to-lorcana-11-saison-10-tournament-decks-363050,363050,4a42c8008ee2ca17851c11c66b3720358c7969967ea698e177ff1c5b8c67339f,2026-02-20T16:57:44.319Z,18,268
71730f865ba46988de8a89e29f92468c80b59899aa40806f95b8c3ccae8ab575,Set 10 - Saphir/Acier  by Titoune25,,,road to lorcana 11 saison 10,Sapphire|Steel,https://inkdecks.com/lorcana-metagame/deck-set-10-saphir-acier-499198,https://inkdecks.com/lorcana-tournaments/road-to-lorcana-11-saison-10-tournament-decks-363050,363050,71730f865ba46988de8a89e29f92468c80b59899aa40806f95b8c3ccae8ab575,2026-02-20T16:57:46.326Z,19,269
b8d3225b751080c160be6e5fb70f1527bb5a8495920fd535f270e0645a34f96c,Set 11 - Ambre/Acier - Vincenzo Santorini by Salty,,,road to lorcana 11 saison 10,Amber|Steel,https://inkdecks.com/lorcana-metagame/deck-set-11-ambre-acier-vincenzo-santorini-499199,https://inkdecks.com/lorcana-tournaments/road-to-lorcana-11-saison-10-tournament-decks-363050,363050,b8d3225b751080c160be6e5fb70f1527bb5a8495920fd535f270e0645a34f96c,2026-02-20T16:57:48.331Z,19,270
efe380da2ace77d0734ab94e4b47ecdfba28681ecb8e8615daf4b248f79a34d6,Set 11 - Ambre/Saphir - Hadès by Morgan(titi13130),,,road to lorcana 11 saison 10,Sapphire|Amber,https://inkdecks.com/lorcana-metagame/deck-set-11-ambre-saphir-hades-499200,https://inkdecks.com/lorcana-tournaments/road-to-lorcana-11-saison-10-tournament-decks-363050,363050,efe380da2ace77d0734ab94e4b47ecdfba28681ecb8e8615daf4b248f79a34d6,2026-02-20T16:57:50.335Z,22,271
33e169eda90577a9704c6fe7a2e379c520aabd59c86f76971639a61ccc048166,Set 10 - Rubis/Acier - Aggro by Naty montez,,,road to lorcana 11 saison 10,Ruby|Steel,https://inkdecks.com/lorcana-metagame/deck-set-10-rubis-acier-aggro-499201,https://inkdecks.com/lorcana-tournaments/road-to-lorcana-11-saison-10-tournament-decks-363050,363050,33e169eda90577a9704c6fe7a2e379c520aabd59c86f76971639a61ccc048166,2026-02-20T16:57:52.346Z,23,272
90d4c8b9e3bf899a547bf36f7a950c8dd157d6f7e55c150ef10a1dfac330922c,Steel Emerald by NJDS Findel,,,whispers in the well set championship,Emerald|Steel,https://inkdecks.com/lorcana-metagame/deck-steel-emerald-499269,https://inkdecks.com/lorcana-tournaments/whispers-in-the-well-set-championship-tournament-decks-363153,363153,90d4c8b9e3bf899a547bf36f7a950c8dd157d6f7e55c150ef10a1dfac330922c,2026-02-20T16:58:55.012Z,17,273
4e3527e0a762f16bb8a5038d6b9ec9d9fe386b6c4066c0b19852690f2f5889aa,Amber Emerald by TSI-Neoh,,,championnat de set lueurs dans les profondeurs,Emerald|Amber,https://inkdecks.com/lorcana-metagame/deck-amber-emerald-499085,https://inkdecks.com/lorcana-tournaments/championnat-de-set-lueurs-dans-les-profondeurs-tournament-decks-363143,363143,4e3527e0a762f16bb8a5038d6b9ec9d9fe386b6c4066c0b19852690f2f5889aa,2026-02-20T16:59:17.524Z,18,274
23f90e7ab9ef74b81006a4e946eefd51e06f130ec199373fa8547849441bdf0e,Sapphire Emerald by [TLCN]-Spectromium,,,championnat de set lueurs dans les profondeurs,Emerald|Sapphire,https://inkdecks.com/lorcana-metagame/deck-sapphire-emerald-499086,https://inkdecks.com/lorcana-tournaments/championnat-de-set-lueurs-dans-les-profondeurs-tournament-decks-363143,363143,23f90e7ab9ef74b81006a4e946eefd51e06f130ec199373fa8547849441bdf0e,2026-02-20T16:59:19.541Z,17,275
d0db73175a1f23265cadb1fb7b66503fd2d3c6487ab7ffd5c0cdb64b8e0f332a,Amethyst Steel by [IO] Gaara3364,,,championnat de set lueurs dans les profondeurs,Steel|Amethyst,https://inkdecks.com/lorcana-metagame/deck-amethyst-steel-499087,https://inkdecks.com/lorcana-tournaments/championnat-de-set-lueurs-dans-les-profondeurs-tournament-decks-363143,363143,d0db73175a1f23265cadb1fb7b66503fd2d3c6487ab7ffd5c0cdb64b8e0f332a,2026-02-20T16:59:21.545Z,19,276
6e673824aa0977cea395e53b12c7b34dcaba0e5b3285ee5e66262b2102a5a8d2,Sapphire Emerald by [IO] Mike2407,,,championnat de set lueurs dans les profondeurs,Sapphire|Emerald,https://inkdecks.com/lorcana-metagame/deck-sapphire-emerald-499088,https://inkdecks.com/lorcana-tournaments/championnat-de-set-lueurs-dans-les-profondeurs-tournament-decks-363143,363143,6e673824aa0977cea395e53b12c7b34dcaba0e5b3285ee5e66262b2102a5a8d2,2026-02-20T16:59:23.563Z,17,277
cb6bfbfb7c3d617a556fccaeeb010fb07f020c372934a38fc5042e59aa4268d9,Amber Emerald by Eversyl,,,championnat de set lueurs dans les profondeurs,Emerald|Amber,https://inkdecks.com/lorcana-metagame/deck-amber-emerald-499089,https://inkdecks.com/lorcana-tournaments/championnat-de-set-lueurs-dans-les-profondeurs-tournament-decks-363143,363143,cb6bfbfb7c3d617a556fccaeeb010fb07f020c372934a38fc5042e59aa4268d9,2026-02-20T16:59:25.566Z,19,278
a99a609673a7903a3b5bd60431b59f7b8aeef9db70e8e01731d556ffd1d55a4a,Steel Amethyst by [IO] LaCarteKiwi,,,championnat de set lueurs dans les profondeurs,Steel|Amethyst,https://inkdecks.com/lorcana-metagame/deck-steel-amethyst-499090,https://inkdecks.com/lorcana-tournaments/championnat-de-set-lueurs-dans-les-profondeurs-tournament-decks-363143,363143,a99a609673a7903a3b5bd60431b59f7b8aeef9db70e8e01731d556ffd1d55a4a,2026-02-20T16:59:27.575Z,21,279
a3a4713631afdc35a83a28e444ebb079024b0665ba3e712488becd64c37389a9,Steel Amethyst by Mawi,,,championnat de set lueurs dans les profondeurs,Steel|Amethyst,https://inkdecks.com/lorcana-metagame/deck-steel-amethyst-499091,https://inkdecks.com/lorcana-tournaments/championnat-de-set-lueurs-dans-les-profondeurs-tournament-decks-363143,363143,a3a4713631afdc35a83a28e444ebb079024b0665ba3e712488becd64c37389a9,2026-02-20T16:59:29.578Z,17,280
43205b2eeb4a3ab8adb54dadb5682885414aea48ae9c824b599d829c84e90480,Steel Sapphire by [IO] Dkalko,,,championnat de set lueurs dans les profondeurs,Sapphire|Steel,https://inkdecks.com/lorcana-metagame/deck-steel-sapphire-499092,https://inkdecks.com/lorcana-tournaments/championnat-de-set-lueurs-dans-les-profondeurs-tournament-decks-363143,363143,43205b2eeb4a3ab8adb54dadb5682885414aea48ae9c824b599d829c84e90480,2026-02-20T16:59:31.586Z,19,281
a2f6d12b3d4d574abd4a791acf4b043000f79bc5495082cb59314d054349c72d,Sapphire Emerald by [TLCN]-Mortuoz,,,championnat de set lueurs dans les profondeurs,Sapphire|Emerald,https://inkdecks.com/lorcana-metagame/deck-sapphire-emerald-499093,https://inkdecks.com/lorcana-tournaments/championnat-de-set-lueurs-dans-les-profondeurs-tournament-decks-363143,363143,a2f6d12b3d4d574abd4a791acf4b043000f79bc5495082cb59314d054349c72d,2026-02-20T16:59:33.586Z,18,282
f43d9b7bc70baeefdc7362165ffa25e3a41ad6c3f75f9668314543d34d7d7575,Sapphire Steel by [TLCN]-Bidou,,,championnat de set lueurs dans les profondeurs,Steel|Sapphire,https://inkdecks.com/lorcana-metagame/deck-sapphire-steel-499095,https://inkdecks.com/lorcana-tournaments/championnat-de-set-lueurs-dans-les-profondeurs-tournament-decks-363143,363143,f43d9b7bc70baeefdc7362165ffa25e3a41ad6c3f75f9668314543d34d7d7575,2026-02-20T16:59:37.604Z,21,283
d22e0be0fc61afb0d08b1ab40a9f2afa9b4795e7c2ddce5158f7a8ae202c702e,Amethyst Emerald by [IO] Yuliisss,,,championnat de set lueurs dans les profondeurs,Emerald|Amethyst,https://inkdecks.com/lorcana-metagame/deck-amethyst-emerald-499096,https://inkdecks.com/lorcana-tournaments/championnat-de-set-lueurs-dans-les-profondeurs-tournament-decks-363143,363143,d22e0be0fc61afb0d08b1ab40a9f2afa9b4795e7c2ddce5158f7a8ae202c702e,2026-02-20T16:59:39.605Z,18,284
24b742888ee734b7c749d99a7d57ab2a03ee4c1d42725b209bfba51621ce5d5f,Amethyst Steel by Tchouetty,,,championnat de set lueurs dans les profondeurs,Steel|Amethyst,https://inkdecks.com/lorcana-metagame/deck-amethyst-steel-499097,https://inkdecks.com/lorcana-tournaments/championnat-de-set-lueurs-dans-les-profondeurs-tournament-decks-363143,363143,24b742888ee734b7c749d99a7d57ab2a03ee4c1d42725b209bfba51621ce5d5f,2026-02-20T16:59:41.605Z,23,285
239108c1610be0f5283619cf9b9480243cd86dd2a2df92a0a441e62ff7143667,Amethyst Emerald by [TLCN]-EmilieC,,,championnat de set lueurs dans les profondeurs,Emerald|Amethyst,https://inkdecks.com/lorcana-metagame/deck-amethyst-emerald-499098,https://inkdecks.com/lorcana-tournaments/championnat-de-set-lueurs-dans-les-profondeurs-tournament-decks-363143,363143,239108c1610be0f5283619cf9b9480243cd86dd2a2df92a0a441e62ff7143667,2026-02-20T16:59:43.617Z,20,286
0420ffad0921fe750d0f0280b46b39bf143fbac690bb230fc18c179acaca4dfd,Amber Amethyst by Shadow_S,,,championnat de set lueurs dans les profondeurs,Amber|Amethyst,https://inkdecks.com/lorcana-metagame/deck-amber-amethyst-499099,https://inkdecks.com/lorcana-tournaments/championnat-de-set-lueurs-dans-les-profondeurs-tournament-decks-363143,363143,0420ffad0921fe750d0f0280b46b39bf143fbac690bb230fc18c179acaca4dfd,2026-02-20T16:59:45.622Z,16,287
7c649e607105bee9c40ce919fd4bec14176c296bbeda7dfde2471cd42ee16b1b,Amethyst Steel by Ren&#039;,,,championnat de set lueurs dans les profondeurs,Steel|Amethyst,https://inkdecks.com/lorcana-metagame/deck-amethyst-steel-499100,https://inkdecks.com/lorcana-tournaments/championnat-de-set-lueurs-dans-les-profondeurs-tournament-decks-363143,363143,7c649e607105bee9c40ce919fd4bec14176c296bbeda7dfde2471cd42ee16b1b,2026-02-20T16:59:47.637Z,19,288
8ea17e80b1db695265abb567624baf0c5ed7103de74537178e6ade860caa3600,Amber Emerald by FLASHNAVY,,,championnat de set lueurs dans les profondeurs,Emerald|Amber,https://inkdecks.com/lorcana-metagame/deck-amber-emerald-499101,https://inkdecks.com/lorcana-tournaments/championnat-de-set-lueurs-dans-les-profondeurs-tournament-decks-363143,363143,8ea17e80b1db695265abb567624baf0c5ed7103de74537178e6ade860caa3600,2026-02-20T16:59:49.643Z,18,289
7d3c67081d5d5475c26e2e7b07bd96bcaa4a1b59fc71085330d032a0a5255b54,Ruby Amethyst by Holleb,,,championnat de set lueurs dans les profondeurs,Amethyst|Ruby,https://inkdecks.com/lorcana-metagame/deck-ruby-amethyst-499102,https://inkdecks.com/lorcana-tournaments/championnat-de-set-lueurs-dans-les-profondeurs-tournament-decks-363143,363143,7d3c67081d5d5475c26e2e7b07bd96bcaa4a1b59fc71085330d032a0a5255b54,2026-02-20T16:59:51.673Z,22,290
7af54e359b7a9583b9ae7fdcc80f1f566f6b96c2b6195a9b4f615d767da47367,Sapphire Amber by Nargothrond,,,championnat de set lueurs dans les profondeurs,Amber|Sapphire,https://inkdecks.com/lorcana-metagame/deck-sapphire-amber-499103,https://inkdecks.com/lorcana-tournaments/championnat-de-set-lueurs-dans-les-profondeurs-tournament-decks-363143,363143,7af54e359b7a9583b9ae7fdcc80f1f566f6b96c2b6195a9b4f615d767da47367,2026-02-20T16:59:53.662Z,19,291
a350eaec904152d3b201a7f6ed262f258c5c46258790f03d03b43e618d9d2e66,Amethyst Amber by LeeThium,,,championnat de set lueurs dans les profondeurs,Amber|Amethyst,https://inkdecks.com/lorcana-metagame/deck-amethyst-amber-499104,https://inkdecks.com/lorcana-tournaments/championnat-de-set-lueurs-dans-les-profondeurs-tournament-decks-363143,363143,a350eaec904152d3b201a7f6ed262f258c5c46258790f03d03b43e618d9d2e66,2026-02-20T16:59:56.031Z,18,292
6d8e7ffe23cc0d2c9317fd3cd51481911ac5a54818c028ae00bdb19ccc0b8ed6,Amber Amethyst by [TLCN]Atlantyde,,,championnat de set lueurs dans les profondeurs,Amber|Amethyst,https://inkdecks.com/lorcana-metagame/deck-amber-amethyst-499105,https://inkdecks.com/lorcana-tournaments/championnat-de-set-lueurs-dans-les-profondeurs-tournament-decks-363143,363143,6d8e7ffe23cc0d2c9317fd3cd51481911ac5a54818c028ae00bdb19ccc0b8ed6,2026-02-20T16:59:57.683Z,17,293
b6752be46be3d916a695dacf47349863e3943b28c965673c372fc439003344cb,Sapphire Amber by Lysithea,,,championnat de set lueurs dans les profondeurs,Amber|Sapphire,https://inkdecks.com/lorcana-metagame/deck-sapphire-amber-499106,https://inkdecks.com/lorcana-tournaments/championnat-de-set-lueurs-dans-les-profondeurs-tournament-decks-363143,363143,b6752be46be3d916a695dacf47349863e3943b28c965673c372fc439003344cb,2026-02-20T16:59:59.691Z,22,294
afc52de1a9e61008cd6ead833f3224e6b4d5c6a55fee13f1ac4637ce8e64207b,Evasive by [META] Fiterd,,,set championship,Amethyst|Ruby,https://inkdecks.com/lorcana-metagame/deck-evasive-499052,https://inkdecks.com/lorcana-tournaments/set-championship-tournament-decks-363142,363142,afc52de1a9e61008cd6ead833f3224e6b4d5c6a55fee13f1ac4637ce8e64207b,2026-02-20T17:00:52.323Z,17,295
54730de05e98a36b425bfa88c3185c10c0e4c680a309037d12fa69e7b2573ca9,Aggro by [META] Reomidas,,,set championship,Emerald|Amber,https://inkdecks.com/lorcana-metagame/deck-aggro-499049,https://inkdecks.com/lorcana-tournaments/set-championship-tournament-decks-363142,363142,54730de05e98a36b425bfa88c3185c10c0e4c680a309037d12fa69e7b2573ca9,2026-02-20T17:00:54.324Z,18,296
85d4fa227d2468979e57d97d71920d6e7ad4f47fe9c7faf88e2990b0af390d67,Control by [META] Teiki le Defibrillateur,,,set championship,Emerald|Amethyst,https://inkdecks.com/lorcana-metagame/deck-control-499054,https://inkdecks.com/lorcana-tournaments/set-championship-tournament-decks-363142,363142,85d4fa227d2468979e57d97d71920d6e7ad4f47fe9c7faf88e2990b0af390d67,2026-02-20T17:00:56.325Z,18,297
67a3ffececce0dbf044774b75d2a88defa5749e73702c321f51b189ee04db418,Control by 🌊 [IW] Slydenfox 🌊,,,set championship,Emerald|Sapphire,https://inkdecks.com/lorcana-metagame/deck-control-499050,https://inkdecks.com/lorcana-tournaments/set-championship-tournament-decks-363142,363142,67a3ffececce0dbf044774b75d2a88defa5749e73702c321f51b189ee04db418,2026-02-20T17:01:02.355Z,17,298
ce79d9c161beead4a543156347aa8c2e6fa839aa6acba08285c1c2dbb4f1d4f5,Luphius Deck by Luphius,,,set championship,Sapphire|Emerald,https://inkdecks.com/lorcana-metagame/deck-luphius-deck-499048,https://inkdecks.com/lorcana-tournaments/set-championship-tournament-decks-363142,363142,ce79d9c161beead4a543156347aa8c2e6fa839aa6acba08285c1c2dbb4f1d4f5,2026-02-20T17:01:04.365Z,28,299
913ed691ea305011485d8276dfbde702ff2f901039c0fe134528707f73c1b897,Blurple v6 by Kedked,,,lueurs dans les profondeurs championnat de set,Sapphire|Amethyst,https://inkdecks.com/lorcana-metagame/deck-blurple-v6-499011,https://inkdecks.com/lorcana-tournaments/lueurs-dans-les-profondeurs-championnat-de-set-tournament-decks-363139,363139,913ed691ea305011485d8276dfbde702ff2f901039c0fe134528707f73c1b897,2026-02-20T17:01:38.906Z,20,300
3181107a2795a95e0beb1cfa28fc731a5266551ace6344883994828717c0f3e8,Les 3 petits canards et le grand méchant Prince by Noo SkillZ,,,lueurs dans les profondeurs championnat de set,Amber|Emerald,https://inkdecks.com/lorcana-metagame/deck-les-3-petits-canards-et-le-grand-mechant-prince-499014,https://inkdecks.com/lorcana-tournaments/lueurs-dans-les-profondeurs-championnat-de-set-tournament-decks-363139,363139,3181107a2795a95e0beb1cfa28fc731a5266551ace6344883994828717c0f3e8,2026-02-20T17:01:40.909Z,21,301
3d48bed53ee8d8d1f087d73f2270de41f498a5264a66b97b7d67827f21165620,papa lamballe by Fg,,,lueurs dans les profondeurs championnat de set,Steel|Sapphire,https://inkdecks.com/lorcana-metagame/deck-papa-lamballe-499015,https://inkdecks.com/lorcana-tournaments/lueurs-dans-les-profondeurs-championnat-de-set-tournament-decks-363139,363139,3d48bed53ee8d8d1f087d73f2270de41f498a5264a66b97b7d67827f21165620,2026-02-20T17:01:42.912Z,17,302
8ecfa9af9ed922ccf5c83aecb5a9cc1bb3cb5388969feeab5f9421427d45c5a7,mon deck final by Mahodkp,,,lueurs dans les profondeurs championnat de set,Steel|Sapphire,https://inkdecks.com/lorcana-metagame/deck-mon-deck-final-499016,https://inkdecks.com/lorcana-tournaments/lueurs-dans-les-profondeurs-championnat-de-set-tournament-decks-363139,363139,8ecfa9af9ed922ccf5c83aecb5a9cc1bb3cb5388969feeab5f9421427d45c5a7,2026-02-20T17:01:44.938Z,18,303
3cfaebd715cb086ef3a540edfc0a4dcbd146c48fc778405c77d87a343a2f661b,Violet gris plume by Gomu_22,,,lueurs dans les profondeurs championnat de set,Steel|Amethyst,https://inkdecks.com/lorcana-metagame/deck-violet-gris-plume-499018,https://inkdecks.com/lorcana-tournaments/lueurs-dans-les-profondeurs-championnat-de-set-tournament-decks-363139,363139,3cfaebd715cb086ef3a540edfc0a4dcbd146c48fc778405c77d87a343a2f661b,2026-02-20T17:01:46.932Z,22,304
61dbefb331059c3487c88690d055124feead84e039f18d09d7f6b27133476618,Amber emerald Dogs by David N.,,,lueurs dans les profondeurs championnat de set,Emerald|Amber,https://inkdecks.com/lorcana-metagame/deck-amber-emerald-dogs-499022,https://inkdecks.com/lorcana-tournaments/lueurs-dans-les-profondeurs-championnat-de-set-tournament-decks-363139,363139,61dbefb331059c3487c88690d055124feead84e039f18d09d7f6b27133476618,2026-02-20T17:01:48.940Z,17,305
08071b49cf64f53f76cbb6bcfae9358bce8d369000a2fc265282a76f2d6f3839,maman by KaRoll,,,lueurs dans les profondeurs championnat de set,Emerald|Amethyst,https://inkdecks.com/lorcana-metagame/deck-maman-499024,https://inkdecks.com/lorcana-tournaments/lueurs-dans-les-profondeurs-championnat-de-set-tournament-decks-363139,363139,08071b49cf64f53f76cbb6bcfae9358bce8d369000a2fc265282a76f2d6f3839,2026-02-20T17:01:50.955Z,17,306
c53d294b1c10471eef3033fcd18e7ae8c0fb54ffc93d0c4ce1ec222279da7586,Détectives Acier-Saphyr by Gilles F.,,,lueurs dans les profondeurs championnat de set,Sapphire|Steel,https://inkdecks.com/lorcana-metagame/deck-detectives-acier-saphyr-499029,https://inkdecks.com/lorcana-tournaments/lueurs-dans-les-profondeurs-championnat-de-set-tournament-decks-363139,363139,c53d294b1c10471eef3033fcd18e7ae8c0fb54ffc93d0c4ce1ec222279da7586,2026-02-20T17:01:52.966Z,20,307
b0345d911190b8e3c6a76b598bfb7491a5694644388a4ce073b573bfa1c0cec9,Make Dolores Great Again by D0ns,,,whispers in the well set champs,Steel|Amethyst,https://inkdecks.com/lorcana-metagame/deck-make-dolores-great-again-498957,https://inkdecks.com/lorcana-tournaments/whispers-in-the-well-set-champs-tournament-decks-363133,363133,b0345d911190b8e3c6a76b598bfb7491a5694644388a4ce073b573bfa1c0cec9,2026-02-20T17:02:37.589Z,19,308
ba2abeac2c4622a75ee66c9f1b423a8f0a613b8e286b710e8b1bf4624a9c5c33,Steel Amethyst by Bohu,,,whispers in the well set champs,Steel|Amethyst,https://inkdecks.com/lorcana-metagame/deck-steel-amethyst-498958,https://inkdecks.com/lorcana-tournaments/whispers-in-the-well-set-champs-tournament-decks-363133,363133,ba2abeac2c4622a75ee66c9f1b423a8f0a613b8e286b710e8b1bf4624a9c5c33,2026-02-20T17:02:39.596Z,20,309
4c1d7cf919d83855d0a2229a661d67dc0a5c7b5dffc153dcdfc85b28cd5b76b7,Blörple by Julian Ge,,,whispers in the well set champs,Sapphire|Amethyst,https://inkdecks.com/lorcana-metagame/deck-blorple-498956,https://inkdecks.com/lorcana-tournaments/whispers-in-the-well-set-champs-tournament-decks-363133,363133,4c1d7cf919d83855d0a2229a661d67dc0a5c7b5dffc153dcdfc85b28cd5b76b7,2026-02-20T17:02:41.598Z,18,310
160159510313aee313ce27a659571197ad527015aceeb4c65db44c3ef4294fc3,Steel Amethyst by Rettelcat,,,whispers in the well set champs,Steel|Amethyst,https://inkdecks.com/lorcana-metagame/deck-steel-amethyst-498959,https://inkdecks.com/lorcana-tournaments/whispers-in-the-well-set-champs-tournament-decks-363133,363133,160159510313aee313ce27a659571197ad527015aceeb4c65db44c3ef4294fc3,2026-02-20T17:02:43.612Z,23,311
8ca3918ffb6c779af1c70503c2be6d67ad16197f2044213dacad5c08d859f1fd,Amethyst Emerald by Mite,,,whispers in the well set champs,Emerald|Amethyst,https://inkdecks.com/lorcana-metagame/deck-amethyst-emerald-498962,https://inkdecks.com/lorcana-tournaments/whispers-in-the-well-set-champs-tournament-decks-363133,363133,8ca3918ffb6c779af1c70503c2be6d67ad16197f2044213dacad5c08d859f1fd,2026-02-20T17:02:45.609Z,16,312
0a49bce486a8d416743e9bb455fc68aee89454452fcd2ac5d80b464609fa5ddc,Blaues Wunder by Visona,,,whispers in the well set champs,Sapphire|Amethyst,https://inkdecks.com/lorcana-metagame/deck-blaues-wunder-498963,https://inkdecks.com/lorcana-tournaments/whispers-in-the-well-set-champs-tournament-decks-363133,363133,0a49bce486a8d416743e9bb455fc68aee89454452fcd2ac5d80b464609fa5ddc,2026-02-20T17:02:47.622Z,17,313
d1de0c46eaa5fce4d6858d101a5ef97baeb83e1a862f02920b49749cff549f47,Steel Amethyst by Bryn-Oliver,,,whispers in the well set champs,Steel|Amethyst,https://inkdecks.com/lorcana-metagame/deck-steel-amethyst-498960,https://inkdecks.com/lorcana-tournaments/whispers-in-the-well-set-champs-tournament-decks-363133,363133,d1de0c46eaa5fce4d6858d101a5ef97baeb83e1a862f02920b49749cff549f47,2026-02-20T17:02:49.634Z,20,314
60a4b1143eecba016590b6f3b9fca10cc708d9c9cd340f867f3cd36ef31ff22c,Baymax Blurple by AntiqueGlobe,,,whispers in the well set champs,Sapphire|Amethyst,https://inkdecks.com/lorcana-metagame/deck-baymax-blurple-498961,https://inkdecks.com/lorcana-tournaments/whispers-in-the-well-set-champs-tournament-decks-363133,363133,60a4b1143eecba016590b6f3b9fca10cc708d9c9cd340f867f3cd36ef31ff22c,2026-02-20T17:02:51.645Z,17,315
04d09449e7d86723a490520b789a470eae0a7d104be88e24eb9ed79fef008f8b,Infernal Schemer v10 by merley boyo,,,whispers in the well set champs,Amethyst|Ruby,https://inkdecks.com/lorcana-metagame/deck-infernal-schemer-v10-498901,https://inkdecks.com/lorcana-tournaments/whispers-in-the-well-set-champs-tournament-decks-363128,363128,04d09449e7d86723a490520b789a470eae0a7d104be88e24eb9ed79fef008f8b,2026-02-20T17:03:24.191Z,26,316
10c57577eb66ce7fc76ebe9d20c41ff641f497bcfbea5282448b617a5f54abcb,Amethyst Emerald by LE_Fabi385i,,,frostbite gauntlet,Emerald|Amethyst,https://inkdecks.com/lorcana-metagame/deck-amethyst-emerald-498826,https://inkdecks.com/lorcana-tournaments/frostbite-gauntlet-tournament-decks-363122,363122,10c57577eb66ce7fc76ebe9d20c41ff641f497bcfbea5282448b617a5f54abcb,2026-02-20T17:03:52.701Z,18,317
f7e1b85114d8f9999e32a366aadc140a5c5cefb7a2b40dfa81de1280356d4e77,Amethyst Emerald by f1st3r56,,,frostbite gauntlet,Emerald|Amethyst,https://inkdecks.com/lorcana-metagame/deck-amethyst-emerald-498827,https://inkdecks.com/lorcana-tournaments/frostbite-gauntlet-tournament-decks-363122,363122,f7e1b85114d8f9999e32a366aadc140a5c5cefb7a2b40dfa81de1280356d4e77,2026-02-20T17:03:54.684Z,17,318
c527d235c6915590786b3f5a1819914f4cb74f9aa048ce86236cbc2c2f81708b,Amethyst Ruby by SharkBoy01,,,frostbite gauntlet,Amethyst|Ruby,https://inkdecks.com/lorcana-metagame/deck-amethyst-ruby-498828,https://inkdecks.com/lorcana-tournaments/frostbite-gauntlet-tournament-decks-363122,363122,c527d235c6915590786b3f5a1819914f4cb74f9aa048ce86236cbc2c2f81708b,2026-02-20T17:03:56.703Z,16,319
9490940c008685f062d8730d3d17817bf1c580d1ce8e802bfb18ee955d3244d3,Emerald Sapphire by TopDeckKing45,,,frostbite gauntlet,Emerald|Sapphire,https://inkdecks.com/lorcana-metagame/deck-emerald-sapphire-498829,https://inkdecks.com/lorcana-tournaments/frostbite-gauntlet-tournament-decks-363122,363122,9490940c008685f062d8730d3d17817bf1c580d1ce8e802bfb18ee955d3244d3,2026-02-20T17:03:58.713Z,17,320
d436c41356712be693382f7a5327f493c2cad8b5b8036ab7fff0218a6123688c,Emerald Sapphire by ToddCarper,,,frostbite gauntlet,Emerald|Sapphire,https://inkdecks.com/lorcana-metagame/deck-emerald-sapphire-498831,https://inkdecks.com/lorcana-tournaments/frostbite-gauntlet-tournament-decks-363122,363122,d436c41356712be693382f7a5327f493c2cad8b5b8036ab7fff0218a6123688c,2026-02-20T17:04:02.721Z,18,321
f63704de369a2d70c4388df23bcfbeb8f1deaba043bfc70859bc63ff29bd1b88,Emerald Sapphire by MavDog,,,frostbite gauntlet,Sapphire|Emerald,https://inkdecks.com/lorcana-metagame/deck-emerald-sapphire-498832,https://inkdecks.com/lorcana-tournaments/frostbite-gauntlet-tournament-decks-363122,363122,f63704de369a2d70c4388df23bcfbeb8f1deaba043bfc70859bc63ff29bd1b88,2026-02-20T17:04:04.725Z,18,322
28e150d11b30f0ba642a973987bfc5c850e31513357d54c0827369adf86b2e9a,Amethyst Ruby by Wes_The_Best,,,frostbite gauntlet,Amethyst|Ruby,https://inkdecks.com/lorcana-metagame/deck-amethyst-ruby-498833,https://inkdecks.com/lorcana-tournaments/frostbite-gauntlet-tournament-decks-363122,363122,28e150d11b30f0ba642a973987bfc5c850e31513357d54c0827369adf86b2e9a,2026-02-20T17:04:06.732Z,19,323
36c5210b2c3736dba3d9718fd299a8f1a41c3ed35c655dbc436e125850ec3314,Amethyst Sapphire by JacD26,,,frostbite gauntlet,Sapphire|Amethyst,https://inkdecks.com/lorcana-metagame/deck-amethyst-sapphire-498834,https://inkdecks.com/lorcana-tournaments/frostbite-gauntlet-tournament-decks-363122,363122,36c5210b2c3736dba3d9718fd299a8f1a41c3ed35c655dbc436e125850ec3314,2026-02-20T17:04:08.741Z,17,324
b3786540847ebcbb8df4d3edf6e4c779c0efa13e783e4398174fcd1d41a8d1a8,Sapphire by Bigdogsistergoeasy,,,frostbite gauntlet,Sapphire|Steel,https://inkdecks.com/lorcana-metagame/deck-sapphire-498835,https://inkdecks.com/lorcana-tournaments/frostbite-gauntlet-tournament-decks-363122,363122,b3786540847ebcbb8df4d3edf6e4c779c0efa13e783e4398174fcd1d41a8d1a8,2026-02-20T17:04:10.759Z,20,325
15acfbf26b80a373ae7f4e0f3793232424cf4c99d92d74bda8b268f608414297,Amber Amethyst by smoochie,,,frostbite gauntlet,Amber|Amethyst,https://inkdecks.com/lorcana-metagame/deck-amber-amethyst-498836,https://inkdecks.com/lorcana-tournaments/frostbite-gauntlet-tournament-decks-363122,363122,15acfbf26b80a373ae7f4e0f3793232424cf4c99d92d74bda8b268f608414297,2026-02-20T17:04:12.748Z,16,326
568e76c07f2b2e62635051a0964c1f34dfe97266b4275177072667d50ca032f3,Amber Sapphire by Nicodk1990,,,frostbite gauntlet,Sapphire|Amber,https://inkdecks.com/lorcana-metagame/deck-amber-sapphire-498837,https://inkdecks.com/lorcana-tournaments/frostbite-gauntlet-tournament-decks-363122,363122,568e76c07f2b2e62635051a0964c1f34dfe97266b4275177072667d50ca032f3,2026-02-20T17:04:14.754Z,16,327
47cc9e3f622e2cb088a0ee9efb6933bcd70d14d886ff8e42c417ccff24accba5,Emerald Sapphire by MFpenguin,,,frostbite gauntlet,Emerald|Sapphire,https://inkdecks.com/lorcana-metagame/deck-emerald-sapphire-498838,https://inkdecks.com/lorcana-tournaments/frostbite-gauntlet-tournament-decks-363122,363122,47cc9e3f622e2cb088a0ee9efb6933bcd70d14d886ff8e42c417ccff24accba5,2026-02-20T17:04:16.758Z,19,328
7d89fc94be0ed062bad8d29616ffe72310bd93392a93134c3ede540cd0b72afe,Amethyst Steel by Pinkmagicc,,,frostbite gauntlet,Steel|Amethyst,https://inkdecks.com/lorcana-metagame/deck-amethyst-steel-498839,https://inkdecks.com/lorcana-tournaments/frostbite-gauntlet-tournament-decks-363122,363122,7d89fc94be0ed062bad8d29616ffe72310bd93392a93134c3ede540cd0b72afe,2026-02-20T17:04:18.763Z,20,329
b5daf0e353abcd194a3fafa0976052122610a36565604487be93939a59295cf9,Amethyst Ruby by Stretch,,,frostbite gauntlet,Amethyst|Ruby,https://inkdecks.com/lorcana-metagame/deck-amethyst-ruby-498840,https://inkdecks.com/lorcana-tournaments/frostbite-gauntlet-tournament-decks-363122,363122,b5daf0e353abcd194a3fafa0976052122610a36565604487be93939a59295cf9,2026-02-20T17:04:20.761Z,20,330
2d119bcbdf2b4c610d9d30b0cd0e937105413cdeb52ccef244aaa4638a6d089d,Sapphire Amethyst by BUBBLEBUG_13,,,frostbite gauntlet,Sapphire|Amethyst,https://inkdecks.com/lorcana-metagame/deck-sapphire-amethyst-498841,https://inkdecks.com/lorcana-tournaments/frostbite-gauntlet-tournament-decks-363122,363122,2d119bcbdf2b4c610d9d30b0cd0e937105413cdeb52ccef244aaa4638a6d089d,2026-02-20T17:04:22.765Z,20,331
2c718936527c48d1044d938523fc6da08cc1df64c69b6d3cb8b4c6ce0b87ff87,Steel Amethyst by javn1,,,frostbite gauntlet,Steel|Amethyst,https://inkdecks.com/lorcana-metagame/deck-steel-amethyst-498842,https://inkdecks.com/lorcana-tournaments/frostbite-gauntlet-tournament-decks-363122,363122,2c718936527c48d1044d938523fc6da08cc1df64c69b6d3cb8b4c6ce0b87ff87,2026-02-20T17:04:24.777Z,21,332
48426d440b9537086f9839fefa173b1d12a10da68632bb940ac7c0db365af53f,Ruby Steel by WinB,,,frostbite gauntlet,Steel|Ruby,https://inkdecks.com/lorcana-metagame/deck-ruby-steel-498843,https://inkdecks.com/lorcana-tournaments/frostbite-gauntlet-tournament-decks-363122,363122,48426d440b9537086f9839fefa173b1d12a10da68632bb940ac7c0db365af53f,2026-02-20T17:04:26.777Z,19,333
a86308d49af0f7a18d2f629f29f4346ca512a0e356ee59c3ee8db4d000381e82,Emerald Sapphire by SaltimusPrime,,,frostbite gauntlet,Emerald|Sapphire,https://inkdecks.com/lorcana-metagame/deck-emerald-sapphire-498844,https://inkdecks.com/lorcana-tournaments/frostbite-gauntlet-tournament-decks-363122,363122,a86308d49af0f7a18d2f629f29f4346ca512a0e356ee59c3ee8db4d000381e82,2026-02-20T17:04:28.793Z,17,334
1622556ccc8f5c15083653f60884f30fc7878271793334bdf7cf527627617d09,Make way! by J B,,,whispers in the well set championship,Amethyst|Ruby,https://inkdecks.com/lorcana-metagame/deck-make-way-498853,https://inkdecks.com/lorcana-tournaments/whispers-in-the-well-set-championship-tournament-decks-363121,363121,1622556ccc8f5c15083653f60884f30fc7878271793334bdf7cf527627617d09,2026-02-20T17:05:25.391Z,19,335
0ab0d618d5eb1fdc40e2a390ba45e8bc7cf50aa7883ea23a324dca2a0251e237,Emerald/Amethyst by A S,,,whispers in the well set championship,Emerald|Amethyst,https://inkdecks.com/lorcana-metagame/deck-emerald-amethyst-498850,https://inkdecks.com/lorcana-tournaments/whispers-in-the-well-set-championship-tournament-decks-363121,363121,0ab0d618d5eb1fdc40e2a390ba45e8bc7cf50aa7883ea23a324dca2a0251e237,2026-02-20T17:05:27.398Z,17,336
f9addf19a28cba4f85c28d5c229e60747a8d2a4a938c2d32cf24aab9686dbbbc,P-A by E W,,,whispers in the well set championship,Amber|Amethyst,https://inkdecks.com/lorcana-metagame/deck-p-a-498849,https://inkdecks.com/lorcana-tournaments/whispers-in-the-well-set-championship-tournament-decks-363121,363121,f9addf19a28cba4f85c28d5c229e60747a8d2a4a938c2d32cf24aab9686dbbbc,2026-02-20T17:05:31.407Z,19,337
1e68d2430bbb2f6ce6716b8de77026a990412d03c035f28170a17d268b75ef1a,Amethyst/Steel by J S,,,whispers in the well set championship,Steel|Amethyst,https://inkdecks.com/lorcana-metagame/deck-amethyst-steel-498851,https://inkdecks.com/lorcana-tournaments/whispers-in-the-well-set-championship-tournament-decks-363121,363121,1e68d2430bbb2f6ce6716b8de77026a990412d03c035f28170a17d268b75ef1a,2026-02-20T17:05:33.415Z,20,338
579146c58f0c818e971e2b795827e57fd56b59c647db80d3d00cf0876027515f,Circle of Life by M C,,,whispers in the well set championship,Steel|Amber,https://inkdecks.com/lorcana-metagame/deck-circle-of-life-498821,https://inkdecks.com/lorcana-tournaments/whispers-in-the-well-set-championship-tournament-decks-363121,363121,579146c58f0c818e971e2b795827e57fd56b59c647db80d3d00cf0876027515f,2026-02-20T17:05:35.418Z,17,339
4c34160254d127ab5f72d35b6dae8e79e5ded0c12241aa4e23e33c4e67c2620b,Too Agro Deck by E M,,,whispers in the well set championship,Amber|Steel,https://inkdecks.com/lorcana-metagame/deck-too-agro-deck-498824,https://inkdecks.com/lorcana-tournaments/whispers-in-the-well-set-championship-tournament-decks-363121,363121,4c34160254d127ab5f72d35b6dae8e79e5ded0c12241aa4e23e33c4e67c2620b,2026-02-20T17:05:37.434Z,16,340
343d6e2c166c549474e2032440bc00964f52c549d2f371fc666a3b6045b833bb,Worst Deck Ever by A M,,,whispers in the well set championship,Amethyst|Ruby,https://inkdecks.com/lorcana-metagame/deck-worst-deck-ever-498823,https://inkdecks.com/lorcana-tournaments/whispers-in-the-well-set-championship-tournament-decks-363121,363121,343d6e2c166c549474e2032440bc00964f52c549d2f371fc666a3b6045b833bb,2026-02-20T17:05:39.442Z,20,341
8dd2e8003b1fa45e8e369d7fdb2d9447dbb841e9cbaa50159a95158b60f2bd2d,Blurple Mountain's Majesty by W R,,,whispers in the well set championship,Sapphire|Amethyst,https://inkdecks.com/lorcana-metagame/deck-blurple-mountain-s-majesty-498825,https://inkdecks.com/lorcana-tournaments/whispers-in-the-well-set-championship-tournament-decks-363121,363121,8dd2e8003b1fa45e8e369d7fdb2d9447dbb841e9cbaa50159a95158b60f2bd2d,2026-02-20T17:05:41.458Z,20,342
68864e98e9c4eb66ce68ac580725d556584d6934ec6843689eba93bac1626183,Purple Jank by N T,,,whispers in the well set championship,Steel|Amethyst,https://inkdecks.com/lorcana-metagame/deck-purple-jank-498847,https://inkdecks.com/lorcana-tournaments/whispers-in-the-well-set-championship-tournament-decks-363121,363121,68864e98e9c4eb66ce68ac580725d556584d6934ec6843689eba93bac1626183,2026-02-20T17:05:43.461Z,16,343
1c1cc4609059a8dc61bfb56559af390a3cfbc5aca5044ce208f6793d3eb7e1df,Amethyst by O G,,,whispers in the well set championship,Amethyst,https://inkdecks.com/lorcana-metagame/deck-amethyst-498822,https://inkdecks.com/lorcana-tournaments/whispers-in-the-well-set-championship-tournament-decks-363121,363121,1c1cc4609059a8dc61bfb56559af390a3cfbc5aca5044ce208f6793d3eb7e1df,2026-02-20T17:05:45.472Z,22,344
86a81f872463ae670591a6e332c83e10f90f6ce0ddda32bd7d85960817768e75,1/25 Deck by H S,,,whispers in the well set championship,Amber|Sapphire,https://inkdecks.com/lorcana-metagame/deck-1-25-deck-498845,https://inkdecks.com/lorcana-tournaments/whispers-in-the-well-set-championship-tournament-decks-363121,363121,86a81f872463ae670591a6e332c83e10f90f6ce0ddda32bd7d85960817768e75,2026-02-20T17:05:47.488Z,20,345
536d353f2ec2abf70ae4b634c0d032e506339990533cc6431cbf1392512aecdb,Detective stitch by Mrpoppinz,,,coulee cards gaming whispers set champs,Sapphire|Amber,https://inkdecks.com/lorcana-metagame/deck-detective-stitch-498819,https://inkdecks.com/lorcana-tournaments/coulee-cards-gaming-whispers-set-champs-tournament-decks-363120,363120,536d353f2ec2abf70ae4b634c0d032e506339990533cc6431cbf1392512aecdb,2026-02-20T17:06:36.087Z,16,346
36fa615bdd0fdd960f567dda59d3eb1ecf197c8ef162f45a98a322ac84a6579f,Ban this Deck by benjamin.gibson0528,,,coulee cards gaming whispers set champs,Ruby|Sapphire,https://inkdecks.com/lorcana-metagame/deck-ban-this-deck-498816,https://inkdecks.com/lorcana-tournaments/coulee-cards-gaming-whispers-set-champs-tournament-decks-363120,363120,36fa615bdd0fdd960f567dda59d3eb1ecf197c8ef162f45a98a322ac84a6579f,2026-02-20T17:06:38.099Z,16,347
c34b30fd2f6b493d35a7df6f157d479e54ecb95e8bd2d3b89e957071e6ef99fc,Ruby/Amber by kingsburyseby,,,coulee cards gaming whispers set champs,Amber|Ruby,https://inkdecks.com/lorcana-metagame/deck-ruby-amber-498820,https://inkdecks.com/lorcana-tournaments/coulee-cards-gaming-whispers-set-champs-tournament-decks-363120,363120,c34b30fd2f6b493d35a7df6f157d479e54ecb95e8bd2d3b89e957071e6ef99fc,2026-02-20T17:06:40.130Z,21,348
8525621f1eee2424c6e7ef2f4369df78588d17a1d707c3dd0760fc499070d583,Shift Diablo by h2owiththepower,,,coulee cards gaming whispers set champs,Emerald|Steel,https://inkdecks.com/lorcana-metagame/deck-shift-diablo-498817,https://inkdecks.com/lorcana-tournaments/coulee-cards-gaming-whispers-set-champs-tournament-decks-363120,363120,8525621f1eee2424c6e7ef2f4369df78588d17a1d707c3dd0760fc499070d583,2026-02-20T17:06:42.121Z,18,349
dacb9da52f4a639dca36dae3e992aba5b4f288a55349a9dc483291547a5ca3aa,Coulee puppies by h2o,,,coulee cards gaming whispers set champs,Amber|Sapphire,https://inkdecks.com/lorcana-metagame/deck-coulee-puppies-498818,https://inkdecks.com/lorcana-tournaments/coulee-cards-gaming-whispers-set-champs-tournament-decks-363120,363120,dacb9da52f4a639dca36dae3e992aba5b4f288a55349a9dc483291547a5ca3aa,2026-02-20T17:06:44.129Z,18,350
ab39e333e7d5d8b8b54d368d8a133a84c2946696055278b1bcda538fb16ee96b,Set champ - Blurpy - Scrooge/Scuttle by Larkynix,,,drummond set championship split a case,Sapphire|Amethyst,https://inkdecks.com/lorcana-metagame/deck-set-champ-blurpy-scrooge-scuttle-498815,https://inkdecks.com/lorcana-tournaments/drummond-set-championship-split-a-case-tournament-decks-363119,363119,ab39e333e7d5d8b8b54d368d8a133a84c2946696055278b1bcda538fb16ee96b,2026-02-20T17:07:16.710Z,19,351
558471f9896c86c1b97826bc86b9def32c6801622a7a9bc2a7f280c0a1610011,"Tiana, her chromicon and her dogs by Versau",,,drummond set championship split a case,Emerald|Amber,https://inkdecks.com/lorcana-metagame/deck-tiana-her-chromicon-and-her-dogs-498914,https://inkdecks.com/lorcana-tournaments/drummond-set-championship-split-a-case-tournament-decks-363119,363119,558471f9896c86c1b97826bc86b9def32c6801622a7a9bc2a7f280c0a1610011,2026-02-20T17:07:19.192Z,19,352
7ce8d3ac1f0770fb5bf636b43eb4f9902babd56a0e6841a7f8b9ceb0fb78df3d,Banane-Raisin by PL Martel,,,drummond set championship split a case,Amber|Amethyst,https://inkdecks.com/lorcana-metagame/deck-banane-raisin-498953,https://inkdecks.com/lorcana-tournaments/drummond-set-championship-split-a-case-tournament-decks-363119,363119,7ce8d3ac1f0770fb5bf636b43eb4f9902babd56a0e6841a7f8b9ceb0fb78df3d,2026-02-20T17:07:20.728Z,22,353
1726f0376d8c672fca4f7b6b5ac32a63c0d787d25607de137a718f6a0db2e43b,Amber Emerald by LorcanaJustice,,,top dog gaming whispers in the well set championship,Emerald|Amber,https://inkdecks.com/lorcana-metagame/deck-amber-emerald-498809,https://inkdecks.com/lorcana-tournaments/top-dog-gaming-whispers-in-the-well-set-championship-tournament-decks-363114,363114,1726f0376d8c672fca4f7b6b5ac32a63c0d787d25607de137a718f6a0db2e43b,2026-02-20T17:07:51.267Z,18,354
5557aa205e43d9e45a2300189c60d10ccbe8857afd696298746e7c035f1708c3,Le jeu est trop simple by Willy,,,baraka jeu shop set championship montpellier,Emerald|Sapphire,https://inkdecks.com/lorcana-metagame/deck-le-jeu-est-trop-simple-498804,https://inkdecks.com/lorcana-tournaments/baraka-jeu-shop-set-championship-montpellier-tournament-decks-363113,363113,5557aa205e43d9e45a2300189c60d10ccbe8857afd696298746e7c035f1708c3,2026-02-20T17:08:13.791Z,18,355
60f329bccb2a1e64df1327aa26c33250153b10da28a129fdf7bac3eb347aca82,Lantern strikes again by Alexx,,,baraka jeu shop set championship montpellier,Amber|Amethyst,https://inkdecks.com/lorcana-metagame/deck-lantern-strikes-again-498805,https://inkdecks.com/lorcana-tournaments/baraka-jeu-shop-set-championship-montpellier-tournament-decks-363113,363113,60f329bccb2a1e64df1327aa26c33250153b10da28a129fdf7bac3eb347aca82,2026-02-20T17:08:15.799Z,21,356
f3e67aacf3c7c156c48bc7e376d2129604df1a1d18fd6c4b53d6633e6bc135a9,Bleen.w/Alice by [MHL] Artichaud,,,baraka jeu shop set championship montpellier,Emerald|Sapphire,https://inkdecks.com/lorcana-metagame/deck-bleen-w-alice-498806,https://inkdecks.com/lorcana-tournaments/baraka-jeu-shop-set-championship-montpellier-tournament-decks-363113,363113,f3e67aacf3c7c156c48bc7e376d2129604df1a1d18fd6c4b53d6633e6bc135a9,2026-02-20T17:08:17.802Z,17,357
59cd85b78938153239b3b9915011371cb07b55065f80ecfe366adcca6b59627e,Blurple Championset 25/01 by Crayshi,,,baraka jeu shop set championship montpellier,Sapphire|Amethyst,https://inkdecks.com/lorcana-metagame/deck-blurple-championset-25-01-498807,https://inkdecks.com/lorcana-tournaments/baraka-jeu-shop-set-championship-montpellier-tournament-decks-363113,363113,59cd85b78938153239b3b9915011371cb07b55065f80ecfe366adcca6b59627e,2026-02-20T17:08:19.806Z,18,358
f352f39a4a555944cc35fd030149cbc3cef719baebbacdd188f47afe3e7b37d6,Hoist the colours by [TTS] Utopiq,,,baraka jeu shop set championship montpellier,Steel|Emerald,https://inkdecks.com/lorcana-metagame/deck-hoist-the-colours-498808,https://inkdecks.com/lorcana-tournaments/baraka-jeu-shop-set-championship-montpellier-tournament-decks-363113,363113,f352f39a4a555944cc35fd030149cbc3cef719baebbacdd188f47afe3e7b37d6,2026-02-20T17:08:21.811Z,19,359
5a02b93600e42171da4fa177dc7a331f4ee383afa3ba17d3ede450e94442b2f6,Amber/ Emerald by Vasco Cachapa,,,whispers in the well set championship versus gamecenter lisboa,Emerald|Amber,https://inkdecks.com/lorcana-metagame/deck-amber-emerald-498795,https://inkdecks.com/lorcana-tournaments/whispers-in-the-well-set-championship-versus-gamecenter-lisboa-tournament-decks-363112,363112,5a02b93600e42171da4fa177dc7a331f4ee383afa3ba17d3ede450e94442b2f6,2026-02-20T17:08:54.355Z,17,360
5a78ef1693418d9e4dd77a045098de728a332c8671f8483d7ba2bdb35126c39a,Emerald/ Sapphire by Dota,,,whispers in the well set championship versus gamecenter lisboa,Emerald|Sapphire,https://inkdecks.com/lorcana-metagame/deck-emerald-sapphire-498878,https://inkdecks.com/lorcana-tournaments/whispers-in-the-well-set-championship-versus-gamecenter-lisboa-tournament-decks-363112,363112,5a78ef1693418d9e4dd77a045098de728a332c8671f8483d7ba2bdb35126c39a,2026-02-20T17:08:56.372Z,17,361
80051dc5cabdfc087eb8a3191f83efd57d7595a6e717ba9cf1a3757aa9a68181,Amber/ Steel by Diogo Araujo,,,whispers in the well set championship versus gamecenter lisboa,Amber|Steel,https://inkdecks.com/lorcana-metagame/deck-amber-steel-498797,https://inkdecks.com/lorcana-tournaments/whispers-in-the-well-set-championship-versus-gamecenter-lisboa-tournament-decks-363112,363112,80051dc5cabdfc087eb8a3191f83efd57d7595a6e717ba9cf1a3757aa9a68181,2026-02-20T17:08:58.381Z,20,362
ea4bf2fc162ca2a795f8e584d2ac2c4e2bf86be1ee73e16911cd90f74b7e152f,Amber/ Steel by António,,,whispers in the well set championship versus gamecenter lisboa,Amber|Steel,https://inkdecks.com/lorcana-metagame/deck-amber-steel-498798,https://inkdecks.com/lorcana-tournaments/whispers-in-the-well-set-championship-versus-gamecenter-lisboa-tournament-decks-363112,363112,ea4bf2fc162ca2a795f8e584d2ac2c4e2bf86be1ee73e16911cd90f74b7e152f,2026-02-20T17:09:00.393Z,30,363
0d46d095c9634f0c0e51254fcd531e113df05449a5db3eba40be543b5670284b,Amber/ Emerald by Ricardo Fernandes,,,whispers in the well set championship versus gamecenter lisboa,Emerald|Amber,https://inkdecks.com/lorcana-metagame/deck-amber-emerald-498800,https://inkdecks.com/lorcana-tournaments/whispers-in-the-well-set-championship-versus-gamecenter-lisboa-tournament-decks-363112,363112,0d46d095c9634f0c0e51254fcd531e113df05449a5db3eba40be543b5670284b,2026-02-20T17:09:02.396Z,18,364
42ff9602e64afacc934f19d170dff22c661b5a122293da1714443a6477e409fd,Sapphire/ Steel by Vitor Frazao,,,whispers in the well set championship versus gamecenter lisboa,Steel|Sapphire,https://inkdecks.com/lorcana-metagame/deck-sapphire-steel-498801,https://inkdecks.com/lorcana-tournaments/whispers-in-the-well-set-championship-versus-gamecenter-lisboa-tournament-decks-363112,363112,42ff9602e64afacc934f19d170dff22c661b5a122293da1714443a6477e409fd,2026-02-20T17:09:04.407Z,18,365
83f7036fb6871d57b20c61224d58758a4e8e8afa6761ff667c1df13153fbada2,Amber/ Amethyst by João Ribeiro,,,whispers in the well set championship versus gamecenter lisboa,Amethyst|Amber,https://inkdecks.com/lorcana-metagame/deck-amber-amethyst-498802,https://inkdecks.com/lorcana-tournaments/whispers-in-the-well-set-championship-versus-gamecenter-lisboa-tournament-decks-363112,363112,83f7036fb6871d57b20c61224d58758a4e8e8afa6761ff667c1df13153fbada2,2026-02-20T17:09:06.417Z,18,366
2c396e412b5a3ba203f18abe04f9c960a90d461c03df1ad65def4fb5bdb456f1,Sapphire/ Steel by Manuel Piçarra,,,whispers in the well set championship versus gamecenter lisboa,Steel|Sapphire,https://inkdecks.com/lorcana-metagame/deck-sapphire-steel-498803,https://inkdecks.com/lorcana-tournaments/whispers-in-the-well-set-championship-versus-gamecenter-lisboa-tournament-decks-363112,363112,2c396e412b5a3ba203f18abe04f9c960a90d461c03df1ad65def4fb5bdb456f1,2026-02-20T17:09:08.412Z,21,367
3ebb81f71b3ed4395989d1cce5b541f019a554fe0190b02b64b98c2f99a373a6,Amethyst/ Emerald by Ricardo Cacheira,,,whispers in the well set championship versus gamecenter lisboa,Emerald|Amethyst,https://inkdecks.com/lorcana-metagame/deck-amethyst-emerald-498877,https://inkdecks.com/lorcana-tournaments/whispers-in-the-well-set-championship-versus-gamecenter-lisboa-tournament-decks-363112,363112,3ebb81f71b3ed4395989d1cce5b541f019a554fe0190b02b64b98c2f99a373a6,2026-02-20T17:09:10.421Z,16,368
a4675f18b77ad0db36b2da5a7be93f0239be1372786e927eb01ca685bffd3aae,Steelple by Josue Padilla,,,board game paradise whispers in the well set champs,Steel|Amethyst,https://inkdecks.com/lorcana-metagame/deck-steelple-498747,https://inkdecks.com/lorcana-tournaments/board-game-paradise-whispers-in-the-well-set-champs-tournament-decks-363108,363108,a4675f18b77ad0db36b2da5a7be93f0239be1372786e927eb01ca685bffd3aae,2026-02-20T17:09:55.019Z,20,369
031328b56b621db530cb5753afb0cf3ad0bcbef5291025343a0f4ea83d420d01,Winter’s coming by Marvin Milian,,,board game paradise whispers in the well set champs,Amethyst|Ruby,https://inkdecks.com/lorcana-metagame/deck-winter-s-coming-498737,https://inkdecks.com/lorcana-tournaments/board-game-paradise-whispers-in-the-well-set-champs-tournament-decks-363108,363108,031328b56b621db530cb5753afb0cf3ad0bcbef5291025343a0f4ea83d420d01,2026-02-20T17:09:57.022Z,17,370
795a445f006a007cc5b11fb9ff3789d34a275b30e3699a8c1b951b80396b3857,Russell Deguia by kirinzaga,,,board game paradise whispers in the well set champs,Emerald|Amber,https://inkdecks.com/lorcana-metagame/deck-russell-deguia-498730,https://inkdecks.com/lorcana-tournaments/board-game-paradise-whispers-in-the-well-set-champs-tournament-decks-363108,363108,795a445f006a007cc5b11fb9ff3789d34a275b30e3699a8c1b951b80396b3857,2026-02-20T17:09:59.036Z,18,371
fcd77f27b61cfc8788f5668e8b4b189d189358361045bc47ea4d4d9c6aca12b5,It's Ruff by Jonathan Dimaano,,,board game paradise whispers in the well set champs,Emerald|Amber,https://inkdecks.com/lorcana-metagame/deck-it-s-ruff-498757,https://inkdecks.com/lorcana-tournaments/board-game-paradise-whispers-in-the-well-set-champs-tournament-decks-363108,363108,fcd77f27b61cfc8788f5668e8b4b189d189358361045bc47ea4d4d9c6aca12b5,2026-02-20T17:10:01.047Z,20,372
2198c96372eecad284a7cc18e5d6a5dfcd6fd20e8b067042c86e2e1181ebcbcf,Allies by David colvil,,,board game paradise whispers in the well set champs,Steel|Ruby,https://inkdecks.com/lorcana-metagame/deck-allies-498746,https://inkdecks.com/lorcana-tournaments/board-game-paradise-whispers-in-the-well-set-champs-tournament-decks-363108,363108,2198c96372eecad284a7cc18e5d6a5dfcd6fd20e8b067042c86e2e1181ebcbcf,2026-02-20T17:10:03.046Z,18,373
302b59b300e9cae3ddd5809b25d653fe6ead0668afea321a34ae35859d9d0044,Doggies by Ty Dawkins,,,board game paradise whispers in the well set champs,Emerald|Amber,https://inkdecks.com/lorcana-metagame/deck-doggies-498736,https://inkdecks.com/lorcana-tournaments/board-game-paradise-whispers-in-the-well-set-champs-tournament-decks-363108,363108,302b59b300e9cae3ddd5809b25d653fe6ead0668afea321a34ae35859d9d0044,2026-02-20T17:10:05.051Z,18,374
bae1eb56fea39c57d604a29c4af87237080c83912966d6a9cb7c89dfda80fa8b,Blue Steel Set 10 by Jake Greene,,,board game paradise whispers in the well set champs,Steel|Sapphire,https://inkdecks.com/lorcana-metagame/deck-blue-steel-set-10-498748,https://inkdecks.com/lorcana-tournaments/board-game-paradise-whispers-in-the-well-set-champs-tournament-decks-363108,363108,bae1eb56fea39c57d604a29c4af87237080c83912966d6a9cb7c89dfda80fa8b,2026-02-20T17:10:07.059Z,23,375
742e4f50960abe0e98fe2487809d0ceb98d53638047e4fa68b9344d97ad85aee,Lore burn by Dorothy Milian,,,board game paradise whispers in the well set champs,Emerald|Amethyst,https://inkdecks.com/lorcana-metagame/deck-lore-burn-498735,https://inkdecks.com/lorcana-tournaments/board-game-paradise-whispers-in-the-well-set-champs-tournament-decks-363108,363108,742e4f50960abe0e98fe2487809d0ceb98d53638047e4fa68b9344d97ad85aee,2026-02-20T17:10:09.064Z,17,376
e3bdb81a391b0d69117331ce4e2eee385fa9028376135bfe4ce6db04bd0f799e,Blue green Boardgame by Javier Acevedo,,,board game paradise whispers in the well set champs,Emerald|Sapphire,https://inkdecks.com/lorcana-metagame/deck-blue-green-boardgame-498755,https://inkdecks.com/lorcana-tournaments/board-game-paradise-whispers-in-the-well-set-champs-tournament-decks-363108,363108,e3bdb81a391b0d69117331ce4e2eee385fa9028376135bfe4ce6db04bd0f799e,2026-02-20T17:10:11.063Z,18,377
8562fa484fa54ab06fe2f6b0a35832393c092bdfe78c4bb59d7fd1ddfcfa9908,Tiana’s Aggro by Emma Milian,,,board game paradise whispers in the well set champs,Amber|Steel,https://inkdecks.com/lorcana-metagame/deck-tiana-s-aggro-498732,https://inkdecks.com/lorcana-tournaments/board-game-paradise-whispers-in-the-well-set-champs-tournament-decks-363108,363108,8562fa484fa54ab06fe2f6b0a35832393c092bdfe78c4bb59d7fd1ddfcfa9908,2026-02-20T17:10:13.079Z,20,378
6c5faae876e50ed7420d8ee98dbb6192ac16510f36155e933922853a426a840c,Amber & Steel by Aaron,,,board game paradise whispers in the well set champs,Amber|Steel,https://inkdecks.com/lorcana-metagame/deck-amber-steel-498751,https://inkdecks.com/lorcana-tournaments/board-game-paradise-whispers-in-the-well-set-champs-tournament-decks-363108,363108,6c5faae876e50ed7420d8ee98dbb6192ac16510f36155e933922853a426a840c,2026-02-20T17:10:15.075Z,15,379
d2ceb3d34c92c9bd71d69199d7883fca38fda09c61d6487bedd8cbdb50894904,Bend To My Iago by jbags98,,,board game paradise whispers in the well set champs,Emerald|Sapphire,https://inkdecks.com/lorcana-metagame/deck-bend-to-my-iago-498728,https://inkdecks.com/lorcana-tournaments/board-game-paradise-whispers-in-the-well-set-champs-tournament-decks-363108,363108,d2ceb3d34c92c9bd71d69199d7883fca38fda09c61d6487bedd8cbdb50894904,2026-02-20T17:10:17.085Z,20,380
d121e0d849a16ec5a34b4733b5e44e402db970a2a87f4718c9c0f8e98cb61371,Jastin Allies by SirTorne,,,freakmondo store hampionship,Steel|Sapphire,https://inkdecks.com/lorcana-metagame/deck-jastin-allies-498882,https://inkdecks.com/lorcana-tournaments/freakmondo-store-hampionship-tournament-decks-363105,363105,d121e0d849a16ec5a34b4733b5e44e402db970a2a87f4718c9c0f8e98cb61371,2026-02-20T17:11:11.682Z,18,381
761a264fafbdb4b29626a0247b94254ac767f0151b9a8960fc840d7e36d5118d,Amethyst Emerald by Alex Lucena,,,freakmondo store hampionship,Emerald|Amethyst,https://inkdecks.com/lorcana-metagame/deck-amethyst-emerald-498721,https://inkdecks.com/lorcana-tournaments/freakmondo-store-hampionship-tournament-decks-363105,363105,761a264fafbdb4b29626a0247b94254ac767f0151b9a8960fc840d7e36d5118d,2026-02-20T17:11:13.690Z,20,382
8318965f8aea4c3cc56941accf9576951395d39c74c37d107479f7ecc8a14d50,La no muerte del blurole by Belinu,,,freakmondo store hampionship,Sapphire|Amethyst,https://inkdecks.com/lorcana-metagame/deck-la-no-muerte-del-blurole-498810,https://inkdecks.com/lorcana-tournaments/freakmondo-store-hampionship-tournament-decks-363105,363105,8318965f8aea4c3cc56941accf9576951395d39c74c37d107479f7ecc8a14d50,2026-02-20T17:11:15.689Z,19,383
62271e4bce1c974ea4a229da0090042b950ec860913fd4fa2671e18bda4f8078,"Palo va, palopalo va by Irenus A",,,freakmondo store hampionship,Emerald|Amethyst,https://inkdecks.com/lorcana-metagame/deck-palo-va-palopalo-va-498883,https://inkdecks.com/lorcana-tournaments/freakmondo-store-hampionship-tournament-decks-363105,363105,62271e4bce1c974ea4a229da0090042b950ec860913fd4fa2671e18bda4f8078,2026-02-20T17:11:17.689Z,16,384
8abc674e9e9a44fb3c2289f4ee3df766d2382c6900bfa0c53460a9b4e92a095c,Rojo/Verde by Patrybm,,,freakmondo store hampionship,Emerald|Ruby,https://inkdecks.com/lorcana-metagame/deck-rojo-verde-498884,https://inkdecks.com/lorcana-tournaments/freakmondo-store-hampionship-tournament-decks-363105,363105,8abc674e9e9a44fb3c2289f4ee3df766d2382c6900bfa0c53460a9b4e92a095c,2026-02-20T17:11:19.710Z,22,385
32d22e3d7565da0fb61e40cd39af88e307da3b0a7120632269b8a1a151d5f14a,Blurple by Kim Z,,,dragon s lair whispers in the well set championship,Sapphire|Amethyst,https://inkdecks.com/lorcana-metagame/deck-blurple-498690,https://inkdecks.com/lorcana-tournaments/dragon-s-lair-whispers-in-the-well-set-championship-tournament-decks-363102,363102,32d22e3d7565da0fb61e40cd39af88e307da3b0a7120632269b8a1a151d5f14a,2026-02-20T17:11:56.248Z,17,386
e5b0e6a3dbb3ef64f6c9e120e53983884aba29c53db2d68fe1e9b00f6b0ee122,Saphire/Steel by Tedde H,,,dragon s lair whispers in the well set championship,Steel|Sapphire,https://inkdecks.com/lorcana-metagame/deck-saphire-steel-498704,https://inkdecks.com/lorcana-tournaments/dragon-s-lair-whispers-in-the-well-set-championship-tournament-decks-363102,363102,e5b0e6a3dbb3ef64f6c9e120e53983884aba29c53db2d68fe1e9b00f6b0ee122,2026-02-20T17:11:58.246Z,20,387
5c99c58e4e3a02c5888450919d7e3bc69c183466370f4396e63d7623ef4cba26,Ruby/Amethyst by Magnus H,,,dragon s lair whispers in the well set championship,Amethyst|Ruby,https://inkdecks.com/lorcana-metagame/deck-ruby-amethyst-498711,https://inkdecks.com/lorcana-tournaments/dragon-s-lair-whispers-in-the-well-set-championship-tournament-decks-363102,363102,5c99c58e4e3a02c5888450919d7e3bc69c183466370f4396e63d7623ef4cba26,2026-02-20T17:12:00.253Z,18,388
bc4b303c75515e8a2afe2e4f44629b8f4e207e336e1699d19785f55ec4c526e4,Amethyst/Steel by Sofia N,,,dragon s lair whispers in the well set championship,Steel|Amethyst,https://inkdecks.com/lorcana-metagame/deck-amethyst-steel-498703,https://inkdecks.com/lorcana-tournaments/dragon-s-lair-whispers-in-the-well-set-championship-tournament-decks-363102,363102,bc4b303c75515e8a2afe2e4f44629b8f4e207e336e1699d19785f55ec4c526e4,2026-02-20T17:12:02.269Z,22,389
ff325eb0f9745f1701b11593b954f0774a007fb6c8622d6cbd07f1e5a28673dc,Dogs by Knut P,,,dragon s lair whispers in the well set championship,Emerald|Amber,https://inkdecks.com/lorcana-metagame/deck-dogs-498705,https://inkdecks.com/lorcana-tournaments/dragon-s-lair-whispers-in-the-well-set-championship-tournament-decks-363102,363102,ff325eb0f9745f1701b11593b954f0774a007fb6c8622d6cbd07f1e5a28673dc,2026-02-20T17:12:04.266Z,18,390
b29f9c5a8da01be363392731b2786e18e43d237ee9131fed593726e0a3c9bc1f,Amethyst/Emerald by Erik H,,,dragon s lair whispers in the well set championship,Emerald|Amethyst,https://inkdecks.com/lorcana-metagame/deck-amethyst-emerald-498701,https://inkdecks.com/lorcana-tournaments/dragon-s-lair-whispers-in-the-well-set-championship-tournament-decks-363102,363102,b29f9c5a8da01be363392731b2786e18e43d237ee9131fed593726e0a3c9bc1f,2026-02-20T17:12:06.278Z,19,391
f640202182bdafdb0d1a72e860f7f458c86bd481d563748fe620d396c45ba653,Detevtives by Joakim G,,,dragon s lair whispers in the well set championship,Sapphire|Steel,https://inkdecks.com/lorcana-metagame/deck-detevtives-498700,https://inkdecks.com/lorcana-tournaments/dragon-s-lair-whispers-in-the-well-set-championship-tournament-decks-363102,363102,f640202182bdafdb0d1a72e860f7f458c86bd481d563748fe620d396c45ba653,2026-02-20T17:12:08.287Z,20,392
a4022c4b45dc3985f96524c224d6ac864f82af9d860c66b71a9e1ea18fdf03db,Saphire/Steel by Sebastian E,,,dragon s lair whispers in the well set championship,Steel|Sapphire,https://inkdecks.com/lorcana-metagame/deck-saphire-steel-498706,https://inkdecks.com/lorcana-tournaments/dragon-s-lair-whispers-in-the-well-set-championship-tournament-decks-363102,363102,a4022c4b45dc3985f96524c224d6ac864f82af9d860c66b71a9e1ea18fdf03db,2026-02-20T17:12:10.294Z,20,393
2c65db47abea14ad5e85c6d140be21ad6ecb53edb465fc584858315b45c6e680,Saphire/Steel Ally by Benjamin S,,,dragon s lair whispers in the well set championship,Sapphire|Steel,https://inkdecks.com/lorcana-metagame/deck-saphire-steel-ally-498709,https://inkdecks.com/lorcana-tournaments/dragon-s-lair-whispers-in-the-well-set-championship-tournament-decks-363102,363102,2c65db47abea14ad5e85c6d140be21ad6ecb53edb465fc584858315b45c6e680,2026-02-20T17:12:12.302Z,24,394
3bd036aff12ceceaf5e5b859e14977502c8ed26632b297a186b3d533d114f096,Amber/Amethyst by Henrik O,,,dragon s lair whispers in the well set championship,Amber|Amethyst,https://inkdecks.com/lorcana-metagame/deck-amber-amethyst-498702,https://inkdecks.com/lorcana-tournaments/dragon-s-lair-whispers-in-the-well-set-championship-tournament-decks-363102,363102,3bd036aff12ceceaf5e5b859e14977502c8ed26632b297a186b3d533d114f096,2026-02-20T17:12:14.315Z,21,395
9c090460e066aba58c9e4d4747e60fca669adaa3fa04615cc7caf50699647a2d,Amber/Emerald by Mikael J,,,dragon s lair whispers in the well set championship,Emerald|Amber,https://inkdecks.com/lorcana-metagame/deck-amber-emerald-498708,https://inkdecks.com/lorcana-tournaments/dragon-s-lair-whispers-in-the-well-set-championship-tournament-decks-363102,363102,9c090460e066aba58c9e4d4747e60fca669adaa3fa04615cc7caf50699647a2d,2026-02-20T17:12:16.311Z,17,396
604db2c758acf71b4458d4f45da37e71aa26bbc8e6453ffeb9785e20adfe0bfb,Blurple by Kai W,,,dragon s lair whispers in the well set championship,Sapphire|Amethyst,https://inkdecks.com/lorcana-metagame/deck-blurple-498710,https://inkdecks.com/lorcana-tournaments/dragon-s-lair-whispers-in-the-well-set-championship-tournament-decks-363102,363102,604db2c758acf71b4458d4f45da37e71aa26bbc8e6453ffeb9785e20adfe0bfb,2026-02-20T17:12:18.312Z,20,397
38206f3057c6887e613edcd78ef599c186e3b3af9213f112d6367a3d0cb00883,Muu by Axel P,,,dragon s lair whispers in the well set championship,Emerald|Sapphire,https://inkdecks.com/lorcana-metagame/deck-muu-498693,https://inkdecks.com/lorcana-tournaments/dragon-s-lair-whispers-in-the-well-set-championship-tournament-decks-363102,363102,38206f3057c6887e613edcd78ef599c186e3b3af9213f112d6367a3d0cb00883,2026-02-20T17:12:20.315Z,18,398
61309a5874867d29b5e6085476662b6defcec9ccb2ec3aa867111365b1c26d80,Saphire/Steel by Mikael L,,,dragon s lair whispers in the well set championship,Steel|Sapphire,https://inkdecks.com/lorcana-metagame/deck-saphire-steel-498707,https://inkdecks.com/lorcana-tournaments/dragon-s-lair-whispers-in-the-well-set-championship-tournament-decks-363102,363102,61309a5874867d29b5e6085476662b6defcec9ccb2ec3aa867111365b1c26d80,2026-02-20T17:12:22.318Z,18,399
fba49e461e05ba22843c70ffbd5a880aa8ec8331bbeb8a5efd7b58d4c23d6a5e,Amethyst/Emerald by Dejan H,,,dragon s lair whispers in the well set championship,Emerald|Amethyst,https://inkdecks.com/lorcana-metagame/deck-amethyst-emerald-498713,https://inkdecks.com/lorcana-tournaments/dragon-s-lair-whispers-in-the-well-set-championship-tournament-decks-363102,363102,fba49e461e05ba22843c70ffbd5a880aa8ec8331bbeb8a5efd7b58d4c23d6a5e,2026-02-20T17:12:24.336Z,18,400
d8935f65b92b25d276040c17c7b7cdca002a1e781b796fa286b7ff93d09d8330,Blurple by Catleiya_VJ,,,whispers in the well set championship zombie,Sapphire|Amethyst,https://inkdecks.com/lorcana-metagame/deck-blurple-498791,https://inkdecks.com/lorcana-tournaments/whispers-in-the-well-set-championship-zombie-tournament-decks-363101,363101,d8935f65b92b25d276040c17c7b7cdca002a1e781b796fa286b7ff93d09d8330,2026-02-20T17:13:20.941Z,19,401
3c77b682621202e4bd3ce006e31c72a6d94b30a970a9a21acbc1feabc5c3e8a0,Demoniac by Soaringhigh,,,whispers in the well set championship zombie,Steel|Amethyst,https://inkdecks.com/lorcana-metagame/deck-demoniac-498792,https://inkdecks.com/lorcana-tournaments/whispers-in-the-well-set-championship-zombie-tournament-decks-363101,363101,3c77b682621202e4bd3ce006e31c72a6d94b30a970a9a21acbc1feabc5c3e8a0,2026-02-20T17:13:22.947Z,22,402
7e46cd746215308ac16a57c3d48fb7fb2c0c4228c359c46c66ed01748e0bb068,Dogs by Annabelle C,,,whispers in the well set championship zombie,Emerald|Amber,https://inkdecks.com/lorcana-metagame/deck-dogs-498789,https://inkdecks.com/lorcana-tournaments/whispers-in-the-well-set-championship-zombie-tournament-decks-363101,363101,7e46cd746215308ac16a57c3d48fb7fb2c0c4228c359c46c66ed01748e0bb068,2026-02-20T17:13:33.421Z,18,403
f5856c875caa8b314ee6d7606b9e04c3268571f9e8eec649011dc45482003608,Emerald / Amethyst by Lemonade,,,whispers in the well set championship zombie,Emerald|Amethyst,https://inkdecks.com/lorcana-metagame/deck-emerald-amethyst-498788,https://inkdecks.com/lorcana-tournaments/whispers-in-the-well-set-championship-zombie-tournament-decks-363101,363101,f5856c875caa8b314ee6d7606b9e04c3268571f9e8eec649011dc45482003608,2026-02-20T17:13:35.437Z,15,404
e4e506aebaa2f9875eb6c8b8eaa1a1dbd80ea26d0ca0172da17c627551b8b079,Ruby / Steel F.E. by Menoryu,,,whispers in the well set championship zombie,Steel|Ruby,https://inkdecks.com/lorcana-metagame/deck-ruby-steel-f-e-498787,https://inkdecks.com/lorcana-tournaments/whispers-in-the-well-set-championship-zombie-tournament-decks-363101,363101,e4e506aebaa2f9875eb6c8b8eaa1a1dbd80ea26d0ca0172da17c627551b8b079,2026-02-20T17:13:37.443Z,18,405
a3e2ed1f8a4c1a33b05bbf7d81b782528924c1cb76cdfc456593e9702990139b,blurple by lcn_muffin,,,whispers in the well set championship zombie,Sapphire|Amethyst,https://inkdecks.com/lorcana-metagame/deck-blurple-498786,https://inkdecks.com/lorcana-tournaments/whispers-in-the-well-set-championship-zombie-tournament-decks-363101,363101,a3e2ed1f8a4c1a33b05bbf7d81b782528924c1cb76cdfc456593e9702990139b,2026-02-20T17:13:39.460Z,21,406
dae4d3c314095dbfc56eacab83de7e02469f13af0898cac29324372eff58082e,Ruby / Amethyst by Raphael,,,whispers in the well set championship zombie,Amethyst|Ruby,https://inkdecks.com/lorcana-metagame/deck-ruby-amethyst-498785,https://inkdecks.com/lorcana-tournaments/whispers-in-the-well-set-championship-zombie-tournament-decks-363101,363101,dae4d3c314095dbfc56eacab83de7e02469f13af0898cac29324372eff58082e,2026-02-20T17:13:41.472Z,18,407
4433690c02e175ab13afe007c44fdd7d783e4186251d5d472584202d62d517f9,Bobz by Bobzki,,,whispers in the well set championship zombie,Emerald|Sapphire,https://inkdecks.com/lorcana-metagame/deck-bobz-498784,https://inkdecks.com/lorcana-tournaments/whispers-in-the-well-set-championship-zombie-tournament-decks-363101,363101,4433690c02e175ab13afe007c44fdd7d783e4186251d5d472584202d62d517f9,2026-02-20T17:13:43.478Z,19,408
6354675e1cd09a8d0da6517c2a171644765321fc83189fd9b78190da5451a7c9,Yurple by Buckets of Lorcana,,,whispers in the well set championship zombie,Amber|Amethyst,https://inkdecks.com/lorcana-metagame/deck-yurple-498782,https://inkdecks.com/lorcana-tournaments/whispers-in-the-well-set-championship-zombie-tournament-decks-363101,363101,6354675e1cd09a8d0da6517c2a171644765321fc83189fd9b78190da5451a7c9,2026-02-20T17:13:53.921Z,23,409
08135ddb024a4fda748d6a50dc28aa1812210a3463e8191deda2891d1ca028e7,S10BG by Vallii,,,whispers in the well set championship zombie,Emerald|Sapphire,https://inkdecks.com/lorcana-metagame/deck-s10bg-498781,https://inkdecks.com/lorcana-tournaments/whispers-in-the-well-set-championship-zombie-tournament-decks-363101,363101,08135ddb024a4fda748d6a50dc28aa1812210a3463e8191deda2891d1ca028e7,2026-02-20T17:13:55.933Z,18,410
f00575dfe276ab9284bc7e046eb210f5d4a76d494825da1715582471c372230b,Amber / Emerald by Nuria,,,whispers in the well set championship zombie,Emerald|Amber,https://inkdecks.com/lorcana-metagame/deck-amber-emerald-498780,https://inkdecks.com/lorcana-tournaments/whispers-in-the-well-set-championship-zombie-tournament-decks-363101,363101,f00575dfe276ab9284bc7e046eb210f5d4a76d494825da1715582471c372230b,2026-02-20T17:13:57.947Z,18,411
89b03cf2edca2b89681b9cae7b3fed7fb92b4a72502ca1294fa0078ca4c15b55,RA by Jose G,,,whispers in the well set championship zombie,Amethyst|Ruby,https://inkdecks.com/lorcana-metagame/deck-ra-498779,https://inkdecks.com/lorcana-tournaments/whispers-in-the-well-set-championship-zombie-tournament-decks-363101,363101,89b03cf2edca2b89681b9cae7b3fed7fb92b4a72502ca1294fa0078ca4c15b55,2026-02-20T17:13:59.956Z,19,412
5204c63458910ab0d2ae36b9224b4fc916da3a372b0c13ebad1981f5ded03add,Chromibounce by Winawer,,,whispers in the well set championship zombie,Emerald|Steel,https://inkdecks.com/lorcana-metagame/deck-chromibounce-498778,https://inkdecks.com/lorcana-tournaments/whispers-in-the-well-set-championship-zombie-tournament-decks-363101,363101,5204c63458910ab0d2ae36b9224b4fc916da3a372b0c13ebad1981f5ded03add,2026-02-20T17:14:02.319Z,17,413
115252a710fd3fba4c63e3f45d83789622886a85a3afbed6b65e6fa496a6647c,Blurps by Kariminal,,,whispers in the well set championship zombie,Sapphire|Amethyst,https://inkdecks.com/lorcana-metagame/deck-blurps-498777,https://inkdecks.com/lorcana-tournaments/whispers-in-the-well-set-championship-zombie-tournament-decks-363101,363101,115252a710fd3fba4c63e3f45d83789622886a85a3afbed6b65e6fa496a6647c,2026-02-20T17:14:03.943Z,18,414
ebd11f717226795447d4f09856af78eb65f1f2443a087967c98666603fde87d9,Tom Princess deck by Thomas S,,,whispers in the well set championship zombie,Amber|Sapphire,https://inkdecks.com/lorcana-metagame/deck-tom-princess-deck-498776,https://inkdecks.com/lorcana-tournaments/whispers-in-the-well-set-championship-zombie-tournament-decks-363101,363101,ebd11f717226795447d4f09856af78eb65f1f2443a087967c98666603fde87d9,2026-02-20T17:14:05.961Z,33,415
f9bce1557350494fa63ca62537281fd5e20dbd5fc8ebe8d0eb547a7be813c075,AliceFinally by HeavenIdeas,,,whispers in the well set championship zombie,Steel|Sapphire,https://inkdecks.com/lorcana-metagame/deck-alicefinally-498775,https://inkdecks.com/lorcana-tournaments/whispers-in-the-well-set-championship-zombie-tournament-decks-363101,363101,f9bce1557350494fa63ca62537281fd5e20dbd5fc8ebe8d0eb547a7be813c075,2026-02-20T17:14:07.976Z,22,416
ead84f49ebeeb8a33a3c3b90015ff7dfa6189695bb923d86fc3dd16b062df07b,Amethyst / Emerald by matttan,,,whispers in the well set championship zombie,Emerald|Amethyst,https://inkdecks.com/lorcana-metagame/deck-amethyst-emerald-498774,https://inkdecks.com/lorcana-tournaments/whispers-in-the-well-set-championship-zombie-tournament-decks-363101,363101,ead84f49ebeeb8a33a3c3b90015ff7dfa6189695bb923d86fc3dd16b062df07b,2026-02-20T17:14:09.976Z,24,417
84c5ba7cce4f0578f7df0de3cc2dd6aca0c0fa81b6f760a749b34d216012eb24,Leonard Big Hero 6 by Leonard,,,whispers in the well set championship zombie,Emerald|Sapphire,https://inkdecks.com/lorcana-metagame/deck-leonard-big-hero-6-498773,https://inkdecks.com/lorcana-tournaments/whispers-in-the-well-set-championship-zombie-tournament-decks-363101,363101,84c5ba7cce4f0578f7df0de3cc2dd6aca0c0fa81b6f760a749b34d216012eb24,2026-02-20T17:14:11.997Z,28,418
f8a4866153c296bf123238f2d2c892ddf05ba710aadc31cd005ff986e2611277,EA Sports by TMCG,,,whispers in the well set championship zombie,Emerald|Amethyst,https://inkdecks.com/lorcana-metagame/deck-ea-sports-498771,https://inkdecks.com/lorcana-tournaments/whispers-in-the-well-set-championship-zombie-tournament-decks-363101,363101,f8a4866153c296bf123238f2d2c892ddf05ba710aadc31cd005ff986e2611277,2026-02-20T17:14:15.998Z,15,419
3c2970f0d4f15c1a52a673b453d971ea842f5a0958aa3126c7f39f87ab49ea83,Cafonando by MarcoCPB,,,whispers in the well set championship zombie,Steel|Amethyst,https://inkdecks.com/lorcana-metagame/deck-cafonando-498770,https://inkdecks.com/lorcana-tournaments/whispers-in-the-well-set-championship-zombie-tournament-decks-363101,363101,3c2970f0d4f15c1a52a673b453d971ea842f5a0958aa3126c7f39f87ab49ea83,2026-02-20T17:14:18.017Z,19,420
6ee75c0072a8455003e68443d58b514d03516ae00fffbc1e10fbe784e6c4bb56,Sapphire Steel by MeteorCloud,,,whispers in the well set championship zombie,Sapphire|Steel,https://inkdecks.com/lorcana-metagame/deck-sapphire-steel-498769,https://inkdecks.com/lorcana-tournaments/whispers-in-the-well-set-championship-zombie-tournament-decks-363101,363101,6ee75c0072a8455003e68443d58b514d03516ae00fffbc1e10fbe784e6c4bb56,2026-02-20T17:14:20.027Z,17,421
1d3b3f66cd3b9292d4c8c613df25b7fe34936687f3fa92b6cf6e60e5ab413498,The big tipo by Ethan Perez,,,whispers set champs,Sapphire|Amethyst,https://inkdecks.com/lorcana-metagame/deck-the-big-tipo-498750,https://inkdecks.com/lorcana-tournaments/whispers-set-champs-tournament-decks-362922,362922,1d3b3f66cd3b9292d4c8c613df25b7fe34936687f3fa92b6cf6e60e5ab413498,2026-02-20T17:15:22.667Z,20,422
f2ccc2aadf9c93e85ccfdc3a36372eb997565a8c2a9c97daf56edc3801540543,Ward Control by Ralph Vanderlan,,,whispers set champs,Steel|Emerald,https://inkdecks.com/lorcana-metagame/deck-ward-control-498758,https://inkdecks.com/lorcana-tournaments/whispers-set-champs-tournament-decks-362922,362922,f2ccc2aadf9c93e85ccfdc3a36372eb997565a8c2a9c97daf56edc3801540543,2026-02-20T17:15:24.671Z,16,423
f8a2ac71b0c4486347eb8d1f8a7bd483c08146ae886ca4dcd37cf015c67e877f,Adventure Time by Patrick Crosby,,,whispers set champs,Steel|Emerald,https://inkdecks.com/lorcana-metagame/deck-adventure-time-498729,https://inkdecks.com/lorcana-tournaments/whispers-set-champs-tournament-decks-362922,362922,f8a2ac71b0c4486347eb8d1f8a7bd483c08146ae886ca4dcd37cf015c67e877f,2026-02-20T17:15:26.673Z,18,424
6648fd63c43009004507b210ae9533ac89eacae75c4ea11d1e5956f4a6954f3c,Red purple tempo by Roger florss,,,whispers set champs,Amethyst|Ruby,https://inkdecks.com/lorcana-metagame/deck-red-purple-tempo-498768,https://inkdecks.com/lorcana-tournaments/whispers-set-champs-tournament-decks-362922,362922,6648fd63c43009004507b210ae9533ac89eacae75c4ea11d1e5956f4a6954f3c,2026-02-20T17:15:28.684Z,20,425
2fedec927f57d5f421d0e7c826ca99100bf9e30a22f12ae1d38090363e9d8c3c,Zoom Zoom Zoom by Sudden Chilla,,,whispers set champs,Amethyst|Ruby,https://inkdecks.com/lorcana-metagame/deck-zoom-zoom-zoom-498799,https://inkdecks.com/lorcana-tournaments/whispers-set-champs-tournament-decks-362922,362922,2fedec927f57d5f421d0e7c826ca99100bf9e30a22f12ae1d38090363e9d8c3c,2026-02-20T17:15:30.693Z,21,426
5980dbd9d630630d8f942a7761ddaf4dda078eee0fb19805d2f66a8d53f15592,amber emerald by Adam Tetlow,,,whispers set champs,Emerald|Amber,https://inkdecks.com/lorcana-metagame/deck-amber-emerald-498667,https://inkdecks.com/lorcana-tournaments/whispers-set-champs-tournament-decks-362922,362922,5980dbd9d630630d8f942a7761ddaf4dda078eee0fb19805d2f66a8d53f15592,2026-02-20T17:15:32.704Z,19,427
817ae47de8fb6ad74720532b4dfc5fc4634ef3c7431cae0ebc100389960fa010,Bad Blurple by Edward Martinez,,,whispers set champs,Amber|Amethyst,https://inkdecks.com/lorcana-metagame/deck-bad-blurple-498724,https://inkdecks.com/lorcana-tournaments/whispers-set-champs-tournament-decks-362922,362922,817ae47de8fb6ad74720532b4dfc5fc4634ef3c7431cae0ebc100389960fa010,2026-02-20T17:15:34.703Z,21,428
4db2cef925a03cb9349692c31019d9a6050cc1d588edd84c4906626bdd8e6ccf,It’s a Dog by Donald Ye,,,whispers set champs,Emerald|Amber,https://inkdecks.com/lorcana-metagame/deck-it-s-a-dog-498744,https://inkdecks.com/lorcana-tournaments/whispers-set-champs-tournament-decks-362922,362922,4db2cef925a03cb9349692c31019d9a6050cc1d588edd84c4906626bdd8e6ccf,2026-02-20T17:15:36.717Z,17,429
41e4975dc823ebcef26803bb6bc5b35848e0e2517175a799ef0bda247c38a38a,Trapped in the Geyser by Andrei Ativo,,,whispers set champs,Emerald|Sapphire,https://inkdecks.com/lorcana-metagame/deck-trapped-in-the-geyser-498794,https://inkdecks.com/lorcana-tournaments/whispers-set-champs-tournament-decks-362922,362922,41e4975dc823ebcef26803bb6bc5b35848e0e2517175a799ef0bda247c38a38a,2026-02-20T17:15:38.728Z,17,430
31063703c5b73c5113714980c85ff9278c7e31d6b13c406af8b4c879c892b812,Judge Phil made me do it by Daniel martinez,,,whispers set champs,Emerald|Amethyst,https://inkdecks.com/lorcana-metagame/deck-judge-phil-made-me-do-it-498731,https://inkdecks.com/lorcana-tournaments/whispers-set-champs-tournament-decks-362922,362922,31063703c5b73c5113714980c85ff9278c7e31d6b13c406af8b4c879c892b812,2026-02-20T17:15:40.746Z,19,431
ca42257432bd0c105f2d61a0d572766c9e6509bb498e93569929d3a33d991717,Sonic Boom by Jesse Rodriguez,,,whispers set champs,Steel|Sapphire,https://inkdecks.com/lorcana-metagame/deck-sonic-boom-498753,https://inkdecks.com/lorcana-tournaments/whispers-set-champs-tournament-decks-362922,362922,ca42257432bd0c105f2d61a0d572766c9e6509bb498e93569929d3a33d991717,2026-02-20T17:15:42.754Z,24,432
483677c6e2db417cda288990fb013020fb0d2881f40b042055fcd965ffb9ecaa,Brainiac Set Champs by Roberto Crouse,,,whispers set champs,Emerald|Amethyst,https://inkdecks.com/lorcana-metagame/deck-brainiac-set-champs-498756,https://inkdecks.com/lorcana-tournaments/whispers-set-champs-tournament-decks-362922,362922,483677c6e2db417cda288990fb013020fb0d2881f40b042055fcd965ffb9ecaa,2026-02-20T17:15:44.753Z,17,433
40974b7f8b24e39f80bd5294c43d8a05f8a12e12c87530b13210fc4365962213,Is Aggro Dead? by Luis Araiza,,,whispers set champs,Amber|Steel,https://inkdecks.com/lorcana-metagame/deck-is-aggro-dead-498740,https://inkdecks.com/lorcana-tournaments/whispers-set-champs-tournament-decks-362922,362922,40974b7f8b24e39f80bd5294c43d8a05f8a12e12c87530b13210fc4365962213,2026-02-20T17:15:46.759Z,16,434
db6a8f1b4750b569432267b8048c61e286ec410500faaa39a9e94a95bf483076,Baymax Wins Games by James Silvas,,,whispers set champs,Sapphire|Amethyst,https://inkdecks.com/lorcana-metagame/deck-baymax-wins-games-498764,https://inkdecks.com/lorcana-tournaments/whispers-set-champs-tournament-decks-362922,362922,db6a8f1b4750b569432267b8048c61e286ec410500faaa39a9e94a95bf483076,2026-02-20T17:15:48.785Z,19,435
5d96f2a4f7691288b397116eeee9932334c07bd0e64d7d50aaa8358a81c8c5c5,BP Bend by Gretchen Williams,,,whispers set champs,Emerald|Sapphire,https://inkdecks.com/lorcana-metagame/deck-bp-bend-498762,https://inkdecks.com/lorcana-tournaments/whispers-set-champs-tournament-decks-362922,362922,5d96f2a4f7691288b397116eeee9932334c07bd0e64d7d50aaa8358a81c8c5c5,2026-02-20T17:15:52.809Z,18,436
3ebc9465120a31b38a4288eccb091cb6e337ad9710215a65d2879cae0f796683,Green Purple by danperez014,,,whispers set champs,Emerald|Amethyst,https://inkdecks.com/lorcana-metagame/deck-green-purple-498725,https://inkdecks.com/lorcana-tournaments/whispers-set-champs-tournament-decks-362922,362922,3ebc9465120a31b38a4288eccb091cb6e337ad9710215a65d2879cae0f796683,2026-02-20T17:15:54.806Z,19,437
28832c7c06f4e42449510baf4e66538cab0ca84b3a6bd552987a4cda3108df06,Here goes nothing by Justin Gray,,,whispers set champs,Amethyst|Ruby,https://inkdecks.com/lorcana-metagame/deck-here-goes-nothing-498767,https://inkdecks.com/lorcana-tournaments/whispers-set-champs-tournament-decks-362922,362922,28832c7c06f4e42449510baf4e66538cab0ca84b3a6bd552987a4cda3108df06,2026-02-20T17:15:58.841Z,20,438
f41b22d909ee20a8dea8d803328b92e76f69d104b9fc2d28bed7c872086b46d2,Jesus by Jesus,,,whispers set champs,Emerald|Amethyst,https://inkdecks.com/lorcana-metagame/deck-jesus-498760,https://inkdecks.com/lorcana-tournaments/whispers-set-champs-tournament-decks-362922,362922,f41b22d909ee20a8dea8d803328b92e76f69d104b9fc2d28bed7c872086b46d2,2026-02-20T17:16:00.837Z,17,439
554788f12ee077f667f1c8ba3890a2377e587c69f89ffbc2e8d6786ea19d6483,Purple steel by Elihud,,,whispers set champs,Amethyst|Steel,https://inkdecks.com/lorcana-metagame/deck-purple-steel-498765,https://inkdecks.com/lorcana-tournaments/whispers-set-champs-tournament-decks-362922,362922,554788f12ee077f667f1c8ba3890a2377e587c69f89ffbc2e8d6786ea19d6483,2026-02-20T17:16:02.849Z,22,440
68971cbb49f34adbb830023f038bd974e98c146351f2bd7581908f579d1371a9,Set Champs Deck by Rafael,,,whispers set champs,Amber|Emerald,https://inkdecks.com/lorcana-metagame/deck-set-champs-deck-498699,https://inkdecks.com/lorcana-tournaments/whispers-set-champs-tournament-decks-362922,362922,68971cbb49f34adbb830023f038bd974e98c146351f2bd7581908f579d1371a9,2026-02-20T17:16:04.852Z,29,441
949d80d3148d6e6f1a89b3e0dddba5cf0bfc7acb20b00c4bf6b28a37d3487f41,Set Champs Deck by Kevin Andrade,,,whispers set champs,Amethyst|Sapphire,https://inkdecks.com/lorcana-metagame/deck-set-champs-deck-498697,https://inkdecks.com/lorcana-tournaments/whispers-set-champs-tournament-decks-362922,362922,949d80d3148d6e6f1a89b3e0dddba5cf0bfc7acb20b00c4bf6b28a37d3487f41,2026-02-20T17:16:06.855Z,27,442
37eac6064e16681d33c2b055dd5823e8cfac0a5c8442433c6480da7b17b3e31e,PS Tempo 10 Isma/Iago by Peter Gardo,,,set championship whispers in the well,Steel|Amethyst,https://inkdecks.com/lorcana-metagame/deck-ps-tempo-10-isma-iago-499319,https://inkdecks.com/lorcana-tournaments/set-championship-whispers-in-the-well-tournament-decks-363164,363164,37eac6064e16681d33c2b055dd5823e8cfac0a5c8442433c6480da7b17b3e31e,2026-02-20T17:17:13.492Z,21,443
27fdc8992f606aeaec21e672e93a49dbf9b84cd0276bc81ec5efc3121783a864,Ruby Amethyst by Olivier Schurter,,,set championship whispers in the well,Amethyst|Ruby,https://inkdecks.com/lorcana-metagame/deck-ruby-amethyst-499318,https://inkdecks.com/lorcana-tournaments/set-championship-whispers-in-the-well-tournament-decks-363164,363164,27fdc8992f606aeaec21e672e93a49dbf9b84cd0276bc81ec5efc3121783a864,2026-02-20T17:17:15.561Z,19,444
f4ea74ffe13905a791d99567efd9894cb89322cf8dffbe85d432df06a39a9176,Dogs Rich by Oliver Oettli,,,set championship whispers in the well,Emerald|Amber,https://inkdecks.com/lorcana-metagame/deck-dogs-rich-499317,https://inkdecks.com/lorcana-tournaments/set-championship-whispers-in-the-well-tournament-decks-363164,363164,f4ea74ffe13905a791d99567efd9894cb89322cf8dffbe85d432df06a39a9176,2026-02-20T17:17:17.521Z,18,445
0b1500221350636773aa807bdc944738e405d7dc1e8101afc75d69262cf90764,Sturple V10.5 by Yannic Gresser,,,set championship whispers in the well,Steel|Amethyst,https://inkdecks.com/lorcana-metagame/deck-sturple-v10-5-499320,https://inkdecks.com/lorcana-tournaments/set-championship-whispers-in-the-well-tournament-decks-363164,363164,0b1500221350636773aa807bdc944738e405d7dc1e8101afc75d69262cf90764,2026-02-20T17:17:19.532Z,20,446
bd80790f3e266e10f3d9ace3de80af2b6106a9718e2c32280345e513b191dac9,Princess by Kwong Leong Luciano Ho,,,set championship whispers in the well,Amber|Emerald,https://inkdecks.com/lorcana-metagame/deck-princess-499314,https://inkdecks.com/lorcana-tournaments/set-championship-whispers-in-the-well-tournament-decks-363164,363164,bd80790f3e266e10f3d9ace3de80af2b6106a9718e2c32280345e513b191dac9,2026-02-20T17:17:21.547Z,17,447
6fca32b11422a6463d34c9bbed6e3028ba49582ee84958e97c1042d9d40afc1e,Blue Green Control by Thomas Bertolosi,,,set championship whispers in the well,Emerald|Sapphire,https://inkdecks.com/lorcana-metagame/deck-blue-green-control-499315,https://inkdecks.com/lorcana-tournaments/set-championship-whispers-in-the-well-tournament-decks-363164,363164,6fca32b11422a6463d34c9bbed6e3028ba49582ee84958e97c1042d9d40afc1e,2026-02-20T17:17:23.552Z,18,448
7ca93bb41363cc406e149b90e7b8b6a198fa036d99f3a5d04080dbd33f656695,Aeneas Aggro by Aenea Oettli,,,set championship whispers in the well,Amber|Steel,https://inkdecks.com/lorcana-metagame/deck-aeneas-aggro-499316,https://inkdecks.com/lorcana-tournaments/set-championship-whispers-in-the-well-tournament-decks-363164,363164,7ca93bb41363cc406e149b90e7b8b6a198fa036d99f3a5d04080dbd33f656695,2026-02-20T17:17:25.565Z,19,449
1f739c61a74c6b42455cf402825df203476b5b816c36e7e4b748b1af5ed93057,GB Detectives by Robin Andermatt,,,set championship whispers in the well,Sapphire|Emerald,https://inkdecks.com/lorcana-metagame/deck-gb-detectives-499321,https://inkdecks.com/lorcana-tournaments/set-championship-whispers-in-the-well-tournament-decks-363164,363164,1f739c61a74c6b42455cf402825df203476b5b816c36e7e4b748b1af5ed93057,2026-02-20T17:17:27.922Z,22,450
ba3fb2c29cefd1da600f4bba1f54f675583ad961098ec51fdbc42d719af7d0d4,RS by Kiminy Cricket,,,whispers in the well set championship,Steel|Ruby,https://inkdecks.com/lorcana-metagame/deck-rs-498971,https://inkdecks.com/lorcana-tournaments/whispers-in-the-well-set-championship-tournament-decks-363135,363135,ba3fb2c29cefd1da600f4bba1f54f675583ad961098ec51fdbc42d719af7d0d4,2026-02-20T17:18:10.107Z,20,451
72ab3f11a1dd21a352ed02615a70571bfaa3d169d299ab0e1de737635df537a7,BS Detectives by NeikeDjour,,,whispers in the well set championship,Sapphire|Steel,https://inkdecks.com/lorcana-metagame/deck-bs-detectives-498970,https://inkdecks.com/lorcana-tournaments/whispers-in-the-well-set-championship-tournament-decks-363135,363135,72ab3f11a1dd21a352ed02615a70571bfaa3d169d299ab0e1de737635df537a7,2026-02-20T17:18:12.118Z,17,452
936010a2ca0f82f2c4f5c83b414c58dd0be3e96e1899a3e545364abc64977fff,Amber Emerald by Akimbosnipe,,,whispers in the well set champs,Emerald|Amber,https://inkdecks.com/lorcana-metagame/deck-amber-emerald-498984,https://inkdecks.com/lorcana-tournaments/whispers-in-the-well-set-champs-tournament-decks-363134,363134,936010a2ca0f82f2c4f5c83b414c58dd0be3e96e1899a3e545364abc64977fff,2026-02-20T17:18:48.672Z,16,453
1fa54b3d545df8aaa0f7602bcb3b25692f5f4c755e62f798e96b64a945514634,Steel Amethyst by Tamathomas,,,whispers in the well set champs,Steel|Amethyst,https://inkdecks.com/lorcana-metagame/deck-steel-amethyst-498982,https://inkdecks.com/lorcana-tournaments/whispers-in-the-well-set-champs-tournament-decks-363134,363134,1fa54b3d545df8aaa0f7602bcb3b25692f5f4c755e62f798e96b64a945514634,2026-02-20T17:18:50.682Z,17,454
2dad8c96f699c5676d7b313775aff183988692b33d918df48bf5e6803793af72,Sapphire Steel by Mihagi,,,whispers in the well set champs,Steel|Sapphire,https://inkdecks.com/lorcana-metagame/deck-sapphire-steel-498980,https://inkdecks.com/lorcana-tournaments/whispers-in-the-well-set-champs-tournament-decks-363134,363134,2dad8c96f699c5676d7b313775aff183988692b33d918df48bf5e6803793af72,2026-02-20T17:18:52.686Z,17,455
3fbe91193abc751175d3cb3afb6e6c2f8e0cac1ac0ba57f0f35345be08f9138b,Take One Jump to Make her Demona by Cayden Wood,,,whispers set champs,Sapphire|Amethyst,https://inkdecks.com/lorcana-metagame/deck-take-one-jump-to-make-her-demona-498944,https://inkdecks.com/lorcana-tournaments/whispers-set-champs-tournament-decks-363131,363131,3fbe91193abc751175d3cb3afb6e6c2f8e0cac1ac0ba57f0f35345be08f9138b,2026-02-20T17:19:23.194Z,21,456
789d6b598c09e56aca7c87a2128c2e827e62256766594db4f4413d3279ea5db0,Thomas the Tink Engine by Ansley Wood,,,whispers set champs,Amethyst|Ruby,https://inkdecks.com/lorcana-metagame/deck-thomas-the-tink-engine-498941,https://inkdecks.com/lorcana-tournaments/whispers-set-champs-tournament-decks-363131,363131,789d6b598c09e56aca7c87a2128c2e827e62256766594db4f4413d3279ea5db0,2026-02-20T17:19:25.198Z,19,457
1a13a3682d8a657a9ccae9ad153d218879942f1539f3bfd2ab5abf28b96e9d32,Blurple Stuff by Blake Wood,,,whispers set champs,Sapphire|Amethyst,https://inkdecks.com/lorcana-metagame/deck-blurple-stuff-498940,https://inkdecks.com/lorcana-tournaments/whispers-set-champs-tournament-decks-363131,363131,1a13a3682d8a657a9ccae9ad153d218879942f1539f3bfd2ab5abf28b96e9d32,2026-02-20T17:19:27.215Z,21,458
ba9bd1700cd3aab235672f289e84ea14035d51f328a63c9bd5621633e51a7534,GobbledyGoomba by Courtney Faison,,,whispers set champs,Emerald|Amethyst,https://inkdecks.com/lorcana-metagame/deck-gobbledygoomba-498943,https://inkdecks.com/lorcana-tournaments/whispers-set-champs-tournament-decks-363131,363131,ba9bd1700cd3aab235672f289e84ea14035d51f328a63c9bd5621633e51a7534,2026-02-20T17:19:29.223Z,17,459
9ab079a46ee2df756d70f3e9e7e2b65143115de323c5f0ee27d2b5274ee14650,Ole' Reliable by Brandon Baxley,,,whispers set champs,Emerald|Sapphire,https://inkdecks.com/lorcana-metagame/deck-ole-reliable-498942,https://inkdecks.com/lorcana-tournaments/whispers-set-champs-tournament-decks-363131,363131,9ab079a46ee2df756d70f3e9e7e2b65143115de323c5f0ee27d2b5274ee14650,2026-02-20T17:19:31.230Z,19,460
c763dca7270e3d0fed47caaff1fcfbf04a0c75e81e961c73407d7e52a8d9dc24,Goof Geyser by Carlos Berrios,,,whispers set champs,Emerald|Sapphire,https://inkdecks.com/lorcana-metagame/deck-goof-geyser-498939,https://inkdecks.com/lorcana-tournaments/whispers-set-champs-tournament-decks-363131,363131,c763dca7270e3d0fed47caaff1fcfbf04a0c75e81e961c73407d7e52a8d9dc24,2026-02-20T17:19:33.234Z,22,461
e7d163ff9e832246048ee58fcd340c8827cb8819e8ffd6e6b01b231ab9227c84,Steelsong Reanimator by Keven McMahan,,,whispers set champs,Amber|Steel,https://inkdecks.com/lorcana-metagame/deck-steelsong-reanimator-498938,https://inkdecks.com/lorcana-tournaments/whispers-set-champs-tournament-decks-363131,363131,e7d163ff9e832246048ee58fcd340c8827cb8819e8ffd6e6b01b231ab9227c84,2026-02-20T17:19:35.253Z,21,462
405ba7cb8e7a49af01bbf42538811e5476fa62e5350405497d3507bbd23b2662,Surf N' Turf by Marcus Wilson,,,whispers set champs,Emerald|Sapphire,https://inkdecks.com/lorcana-metagame/deck-surf-n-turf-498937,https://inkdecks.com/lorcana-tournaments/whispers-set-champs-tournament-decks-363131,363131,405ba7cb8e7a49af01bbf42538811e5476fa62e5350405497d3507bbd23b2662,2026-02-20T17:19:37.248Z,19,463
040de195891e83f09d1c759d749db3f02d16d5449cf32abb4d80ff2738907a80,dawgs by Jonnyu,,,whispers in the well set champs,Emerald|Amber,https://inkdecks.com/lorcana-metagame/deck-dawgs-498934,https://inkdecks.com/lorcana-tournaments/whispers-in-the-well-set-champs-tournament-decks-363130,363130,040de195891e83f09d1c759d749db3f02d16d5449cf32abb4d80ff2738907a80,2026-02-20T17:20:15.820Z,22,464
f05ba787a2e5171e61d5f0368518aedaa290889a9a48bb58916d1ab810edca82,Holy COW! by AiJia,,,whispers in the well set champs,Emerald|Sapphire,https://inkdecks.com/lorcana-metagame/deck-holy-cow-498933,https://inkdecks.com/lorcana-tournaments/whispers-in-the-well-set-champs-tournament-decks-363130,363130,f05ba787a2e5171e61d5f0368518aedaa290889a9a48bb58916d1ab810edca82,2026-02-20T17:20:17.822Z,17,465
d4837fb2f81ee91f9d38f8a122eaf677a804b8dc8f8dce7c8b42176800114860,AS Detectives by pizzalieferant,,,whispers in the well set champs,Sapphire|Amber,https://inkdecks.com/lorcana-metagame/deck-as-detectives-498932,https://inkdecks.com/lorcana-tournaments/whispers-in-the-well-set-champs-tournament-decks-363130,363130,d4837fb2f81ee91f9d38f8a122eaf677a804b8dc8f8dce7c8b42176800114860,2026-02-20T17:20:19.827Z,17,466
068450d2e60fc48002a5fc3967e1816cd70dbb8343cf689258808971f87b94d7,PURPLE / STEEL end by Emu,,,whispers in the well set champs,Steel|Amethyst,https://inkdecks.com/lorcana-metagame/deck-purple-steel-end-498931,https://inkdecks.com/lorcana-tournaments/whispers-in-the-well-set-champs-tournament-decks-363130,363130,068450d2e60fc48002a5fc3967e1816cd70dbb8343cf689258808971f87b94d7,2026-02-20T17:20:21.836Z,23,467
b9f08c5fe1cc913c92a601408c310b3205c718a56549ef2ae5e197791b6afd66,Steel Amber by michelleysch,,,whispers in the well set champs,Amber|Steel,https://inkdecks.com/lorcana-metagame/deck-steel-amber-498930,https://inkdecks.com/lorcana-tournaments/whispers-in-the-well-set-champs-tournament-decks-363130,363130,b9f08c5fe1cc913c92a601408c310b3205c718a56549ef2ae5e197791b6afd66,2026-02-20T17:20:23.838Z,17,468
58d697a697c33501a81f84f7922d4b5f7631780d635fe3820a861f504f489f1d,Danke DKP by InkRampAndChill_Phil,,,whispers in the well set champs,Sapphire|Amethyst,https://inkdecks.com/lorcana-metagame/deck-danke-dkp-498929,https://inkdecks.com/lorcana-tournaments/whispers-in-the-well-set-champs-tournament-decks-363130,363130,58d697a697c33501a81f84f7922d4b5f7631780d635fe3820a861f504f489f1d,2026-02-20T17:20:25.851Z,19,469
a3debfc90b17b85cfe17bf4eef0ca118c7414f0f46d51a46e0730c4dde44afc1,Steel Amethyst by nerdworld,,,whispers in the well set champs,Steel|Amethyst,https://inkdecks.com/lorcana-metagame/deck-steel-amethyst-498928,https://inkdecks.com/lorcana-tournaments/whispers-in-the-well-set-champs-tournament-decks-363130,363130,a3debfc90b17b85cfe17bf4eef0ca118c7414f0f46d51a46e0730c4dde44afc1,2026-02-20T17:20:27.855Z,25,470
ebf692c6f347f111fa14ed7c3b54e042210822e1dec5b1f07e157d89ccbbde9d,RP Set Champ Graz by Nevermore811,,,whispers in the well set champs,Amethyst|Ruby,https://inkdecks.com/lorcana-metagame/deck-rp-set-champ-graz-498927,https://inkdecks.com/lorcana-tournaments/whispers-in-the-well-set-champs-tournament-decks-363130,363130,ebf692c6f347f111fa14ed7c3b54e042210822e1dec5b1f07e157d89ccbbde9d,2026-02-20T17:20:29.857Z,19,471
014f3d2707831b5aec80152368ff3a632e2fc24bce3a077683d635e90d82c782,YP by AKIRA,,,nlg whispers in the well set championship,Amber|Amethyst,https://inkdecks.com/lorcana-metagame/deck-yp-498893,https://inkdecks.com/lorcana-tournaments/nlg-whispers-in-the-well-set-championship-tournament-decks-363127,363127,014f3d2707831b5aec80152368ff3a632e2fc24bce3a077683d635e90d82c782,2026-02-20T17:21:16.432Z,19,472
88c5c91f2411fc7307739f73fe5a581c2089338d9b89ce9e6fcbdfa3b1c1d3fc,Ruby Amethyst by Travis N,,,whispers in the well set championship,Amethyst|Ruby,https://inkdecks.com/lorcana-metagame/deck-ruby-amethyst-498885,https://inkdecks.com/lorcana-tournaments/whispers-in-the-well-set-championship-tournament-decks-363126,363126,88c5c91f2411fc7307739f73fe5a581c2089338d9b89ce9e6fcbdfa3b1c1d3fc,2026-02-20T17:21:38.901Z,18,473
75327c58111129d2693f32f5b038582369485e1a4dac5d74bc5bc34945a83f89,2-4-6 Hades and the Ladies by Lenny C,,,whispers in the well set championship,Steel|Sapphire,https://inkdecks.com/lorcana-metagame/deck-2-4-6-hades-and-the-ladies-498886,https://inkdecks.com/lorcana-tournaments/whispers-in-the-well-set-championship-tournament-decks-363126,363126,75327c58111129d2693f32f5b038582369485e1a4dac5d74bc5bc34945a83f89,2026-02-20T17:21:40.912Z,20,474
816e4dcc61f478a1eab7c6b788fdf8e61029a6f4233a11f632669ed643e8eec1,1102 by Jenny P,,,whispers in the well set championship,Amber|Amethyst,https://inkdecks.com/lorcana-metagame/deck-1102-498887,https://inkdecks.com/lorcana-tournaments/whispers-in-the-well-set-championship-tournament-decks-363126,363126,816e4dcc61f478a1eab7c6b788fdf8e61029a6f4233a11f632669ed643e8eec1,2026-02-20T17:21:42.924Z,21,475
b933b83296174c10ea4851265885b56528abf06350074d759565229d74bf018b,Ruby Amethyst Tempo by Henry S,,,whispers in the well set championship,Amethyst|Ruby,https://inkdecks.com/lorcana-metagame/deck-ruby-amethyst-tempo-498888,https://inkdecks.com/lorcana-tournaments/whispers-in-the-well-set-championship-tournament-decks-363126,363126,b933b83296174c10ea4851265885b56528abf06350074d759565229d74bf018b,2026-02-20T17:21:44.924Z,20,476
efd85360e45f99622c5b9af055a0051b8068a5b43cfd943a74044ea52b47b398,Blue Steel by Caleb H,,,whispers in the well set championship,Sapphire|Steel,https://inkdecks.com/lorcana-metagame/deck-blue-steel-498889,https://inkdecks.com/lorcana-tournaments/whispers-in-the-well-set-championship-tournament-decks-363126,363126,efd85360e45f99622c5b9af055a0051b8068a5b43cfd943a74044ea52b47b398,2026-02-20T17:21:46.929Z,16,477
ec95e65569d1a278a36d2996f0156004e5a51f0656e7bf2121ef4f589cd4e89d,Day at the Zoo by James K,,,whispers in the well set championship,Emerald|Amber,https://inkdecks.com/lorcana-metagame/deck-day-at-the-zoo-498890,https://inkdecks.com/lorcana-tournaments/whispers-in-the-well-set-championship-tournament-decks-363126,363126,ec95e65569d1a278a36d2996f0156004e5a51f0656e7bf2121ef4f589cd4e89d,2026-02-20T17:21:48.950Z,19,478
7f2365554884bb6c67573adee9e0c5efb8f953455e28d39346630caaa6615ddb,Blue Lightning by Amanda H,,,whispers in the well set championship,Steel|Sapphire,https://inkdecks.com/lorcana-metagame/deck-blue-lightning-498891,https://inkdecks.com/lorcana-tournaments/whispers-in-the-well-set-championship-tournament-decks-363126,363126,7f2365554884bb6c67573adee9e0c5efb8f953455e28d39346630caaa6615ddb,2026-02-20T17:21:50.957Z,19,479
6a64dd8ea8d2a150f74596aa1b726d8345845d83c03bee996e671f32c6f445d0,Friends!!! by Danielle G,,,whispers in the well set championship,Sapphire|Amber,https://inkdecks.com/lorcana-metagame/deck-friends-498892,https://inkdecks.com/lorcana-tournaments/whispers-in-the-well-set-championship-tournament-decks-363126,363126,6a64dd8ea8d2a150f74596aa1b726d8345845d83c03bee996e671f32c6f445d0,2026-02-20T17:21:52.967Z,17,480
486c0c0d109df01ae5a2c0f435d3a3743bf83589bae3867c3eb88aed7d1d8d2e,Amethyst/ Steel by Vasco Cachapa,,,whispers in the well set championship versus gamecenter alges,Steel|Amethyst,https://inkdecks.com/lorcana-metagame/deck-amethyst-steel-499038,https://inkdecks.com/lorcana-tournaments/whispers-in-the-well-set-championship-versus-gamecenter-alges-tournament-decks-363125,363125,486c0c0d109df01ae5a2c0f435d3a3743bf83589bae3867c3eb88aed7d1d8d2e,2026-02-20T17:22:29.475Z,19,481
f8140d87705792ac77def128402c412f689e379c9ea51f8c8bd62e7af3fb14e8,Amethyst/ Steel by Pedro Nunes,,,whispers in the well set championship versus gamecenter alges,Steel|Amethyst,https://inkdecks.com/lorcana-metagame/deck-amethyst-steel-498990,https://inkdecks.com/lorcana-tournaments/whispers-in-the-well-set-championship-versus-gamecenter-alges-tournament-decks-363125,363125,f8140d87705792ac77def128402c412f689e379c9ea51f8c8bd62e7af3fb14e8,2026-02-20T17:22:31.471Z,18,482
169f560f1fd0fffe15c240e679543f9b41019dd4c981900a2153c2edc80fa73a,Amethyst/ Steel by Vanessa Pinho,,,whispers in the well set championship versus gamecenter alges,Steel|Amethyst,https://inkdecks.com/lorcana-metagame/deck-amethyst-steel-498880,https://inkdecks.com/lorcana-tournaments/whispers-in-the-well-set-championship-versus-gamecenter-alges-tournament-decks-363125,363125,169f560f1fd0fffe15c240e679543f9b41019dd4c981900a2153c2edc80fa73a,2026-02-20T17:22:35.492Z,20,483
4be1fe3d403af03e54d4af05ec15864bc325ad88c1a0358ca28d37e000585a5c,Amethyst/ Steel by Diogo Cruz,,,whispers in the well set championship versus gamecenter alges,Steel|Amethyst,https://inkdecks.com/lorcana-metagame/deck-amethyst-steel-499037,https://inkdecks.com/lorcana-tournaments/whispers-in-the-well-set-championship-versus-gamecenter-alges-tournament-decks-363125,363125,4be1fe3d403af03e54d4af05ec15864bc325ad88c1a0358ca28d37e000585a5c,2026-02-20T17:22:37.494Z,19,484
402df26463580b7f3e1d452311987d836e6dcf37694d2ec52fd423aca9180c93,Sapphire/ Emerald by Tiago Dias,,,whispers in the well set championship versus gamecenter alges,Emerald|Sapphire,https://inkdecks.com/lorcana-metagame/deck-sapphire-emerald-498989,https://inkdecks.com/lorcana-tournaments/whispers-in-the-well-set-championship-versus-gamecenter-alges-tournament-decks-363125,363125,402df26463580b7f3e1d452311987d836e6dcf37694d2ec52fd423aca9180c93,2026-02-20T17:22:39.493Z,18,485
c6833cc170e5f67c418c39fd4ed0bce201ad15511bd281794e41c2a1f6b53f08,Amethyst/ Emerald by Marcelo Ferreira,,,whispers in the well set championship versus gamecenter alges,Emerald|Amethyst,https://inkdecks.com/lorcana-metagame/deck-amethyst-emerald-498988,https://inkdecks.com/lorcana-tournaments/whispers-in-the-well-set-championship-versus-gamecenter-alges-tournament-decks-363125,363125,c6833cc170e5f67c418c39fd4ed0bce201ad15511bd281794e41c2a1f6b53f08,2026-02-20T17:22:43.520Z,20,486
caa26395576fee3c2efbcb2ff80276195d512042788c938de853ad22e28b7939,Amethyst/ Steel by Antonio,,,whispers in the well set championship versus gamecenter alges,Steel|Amethyst,https://inkdecks.com/lorcana-metagame/deck-amethyst-steel-499039,https://inkdecks.com/lorcana-tournaments/whispers-in-the-well-set-championship-versus-gamecenter-alges-tournament-decks-363125,363125,caa26395576fee3c2efbcb2ff80276195d512042788c938de853ad22e28b7939,2026-02-20T17:22:45.529Z,25,487
fa139528de9dc2c5a280c9e9cf7f94aa30234985294ed8bbd9fe33b21c1ec836,BP HS Set Champs 1/25 by Pendot,,,hobby stadium whispers in the well set championship,Sapphire|Amethyst,https://inkdecks.com/lorcana-metagame/deck-bp-hs-set-champs-1-25-498865,https://inkdecks.com/lorcana-tournaments/hobby-stadium-whispers-in-the-well-set-championship-tournament-decks-363124,363124,fa139528de9dc2c5a280c9e9cf7f94aa30234985294ed8bbd9fe33b21c1ec836,2026-02-20T17:23:18.027Z,18,488
69b5b1361c26fc313135fc22f5ded8349f93081e51f617f2bd554f1af05a4bf4,"Dream Team (High Market Champion, Hobby Stadium 2nd) by RyChu",,,hobby stadium whispers in the well set championship,Sapphire|Steel,https://inkdecks.com/lorcana-metagame/deck-dream-team-high-market-champion-hobby-stadium-2nd-498866,https://inkdecks.com/lorcana-tournaments/hobby-stadium-whispers-in-the-well-set-championship-tournament-decks-363124,363124,69b5b1361c26fc313135fc22f5ded8349f93081e51f617f2bd554f1af05a4bf4,2026-02-20T17:23:20.042Z,22,489
7baae7e78a7404f59970126e7ef0f146acd4c3bc54327c70bc1daf85ce1fee05,Set 10 Asia Circuit Main Event by Caldyy,,,hobby stadium whispers in the well set championship,Steel|Amethyst,https://inkdecks.com/lorcana-metagame/deck-set-10-asia-circuit-main-event-498867,https://inkdecks.com/lorcana-tournaments/hobby-stadium-whispers-in-the-well-set-championship-tournament-decks-363124,363124,7baae7e78a7404f59970126e7ef0f146acd4c3bc54327c70bc1daf85ce1fee05,2026-02-20T17:23:22.044Z,20,490
746d3581ddb0a275983da41a0f2afd218cd72dcf3b5ee74fc41e80ffa1f619ae,Dogs by Sher Ko,,,hobby stadium whispers in the well set championship,Emerald|Amber,https://inkdecks.com/lorcana-metagame/deck-dogs-498868,https://inkdecks.com/lorcana-tournaments/hobby-stadium-whispers-in-the-well-set-championship-tournament-decks-363124,363124,746d3581ddb0a275983da41a0f2afd218cd72dcf3b5ee74fc41e80ffa1f619ae,2026-02-20T17:23:24.059Z,18,491
1db522af49261745c1a1612d89b3201299c382eb2a3da10402f08631e44589c3,Blurple HS Set Champs by Bardacado,,,hobby stadium whispers in the well set championship,Sapphire|Amethyst,https://inkdecks.com/lorcana-metagame/deck-blurple-hs-set-champs-498869,https://inkdecks.com/lorcana-tournaments/hobby-stadium-whispers-in-the-well-set-championship-tournament-decks-363124,363124,1db522af49261745c1a1612d89b3201299c382eb2a3da10402f08631e44589c3,2026-02-20T17:23:26.066Z,17,492
90b4b24de410296645b1eca0f4de5396ef172d3cdee6f608dea84a151adc12ea,Blurple by monakuto11,,,hobby stadium whispers in the well set championship,Sapphire|Amethyst,https://inkdecks.com/lorcana-metagame/deck-blurple-498870,https://inkdecks.com/lorcana-tournaments/hobby-stadium-whispers-in-the-well-set-championship-tournament-decks-363124,363124,90b4b24de410296645b1eca0f4de5396ef172d3cdee6f608dea84a151adc12ea,2026-02-20T17:23:28.075Z,19,493
d0d07dee50f1279de9ec9fc82e9b7e8184accb5c1da4ed2cf81283afd88fbcb5,Ink Go Boom by Wheezus,,,hobby stadium whispers in the well set championship,Emerald|Sapphire,https://inkdecks.com/lorcana-metagame/deck-ink-go-boom-498872,https://inkdecks.com/lorcana-tournaments/hobby-stadium-whispers-in-the-well-set-championship-tournament-decks-363124,363124,d0d07dee50f1279de9ec9fc82e9b7e8184accb5c1da4ed2cf81283afd88fbcb5,2026-02-20T17:23:32.083Z,17,494
de85702dfd6c2ca64b4be07d9c1779ae5bea6951f9bb241712254a5b40cb534f,Cobra Kaï by Claude Aubé,,,kafee dragon set championship,Steel|Amethyst,https://inkdecks.com/lorcana-metagame/deck-cobra-kai-498857,https://inkdecks.com/lorcana-tournaments/kafee-dragon-set-championship-tournament-decks-363123,363123,de85702dfd6c2ca64b4be07d9c1779ae5bea6951f9bb241712254a5b40cb534f,2026-02-20T17:24:38.285Z,22,495
739fca219b1bef39e866091fdb363c17ceb22db85de1264587f1148d94f261f3,COL Dugs by Aaron Brown,,,whispers in the well set championship,Emerald|Amber,https://inkdecks.com/lorcana-metagame/deck-col-dugs-498814,https://inkdecks.com/lorcana-tournaments/whispers-in-the-well-set-championship-tournament-decks-363118,363118,739fca219b1bef39e866091fdb363c17ceb22db85de1264587f1148d94f261f3,2026-02-20T17:25:00.745Z,19,496
6ac1249552951a45a4a3d436d1dccd5511656dc30f1d38ebbd93bc39ef9f429e,Sapphire Amethyst by Julian Ge,,,whispers in the well set champs,Sapphire|Amethyst,https://inkdecks.com/lorcana-metagame/deck-sapphire-amethyst-498811,https://inkdecks.com/lorcana-tournaments/whispers-in-the-well-set-champs-tournament-decks-363115,363115,6ac1249552951a45a4a3d436d1dccd5511656dc30f1d38ebbd93bc39ef9f429e,2026-02-20T17:25:23.212Z,19,497
8896176c93b1bd9d4270ccb011542cc1fb3c8c1c500d524c7758a842faa1b4c7,Steel Amethyst by Bryn-Oliver,,,whispers in the well set champs,Steel|Amethyst,https://inkdecks.com/lorcana-metagame/deck-steel-amethyst-498856,https://inkdecks.com/lorcana-tournaments/whispers-in-the-well-set-champs-tournament-decks-363115,363115,8896176c93b1bd9d4270ccb011542cc1fb3c8c1c500d524c7758a842faa1b4c7,2026-02-20T17:25:25.218Z,20,498
0a8b53a0f22ae2b6a51170e716760b62b06e6206b9a803207e0b8d05418ac54b,Amethyst Steel by BiQ_Hannes,,,whispers in the well set champs,Steel|Amethyst,https://inkdecks.com/lorcana-metagame/deck-amethyst-steel-498855,https://inkdecks.com/lorcana-tournaments/whispers-in-the-well-set-champs-tournament-decks-363115,363115,0a8b53a0f22ae2b6a51170e716760b62b06e6206b9a803207e0b8d05418ac54b,2026-02-20T17:25:27.224Z,20,499
ffc5bf354db7f9ece1499d96f46a74c965fa17d12c88b4347959529bee1edb39,All about Pluto by BiQ_Makuz,,,whispers in the well set champs,Steel|Amethyst,https://inkdecks.com/lorcana-metagame/deck-all-about-pluto-498852,https://inkdecks.com/lorcana-tournaments/whispers-in-the-well-set-champs-tournament-decks-363115,363115,ffc5bf354db7f9ece1499d96f46a74c965fa17d12c88b4347959529bee1edb39,2026-02-20T17:25:29.232Z,22,500
a7f10e489e78bc69c825199be82569ea4432eaf5fe49f519eaf0c1c0b7e9df91,Timmy Tempo by BiQ_Reko,,,whispers in the well set champs,Steel|Amethyst,https://inkdecks.com/lorcana-metagame/deck-timmy-tempo-498848,https://inkdecks.com/lorcana-tournaments/whispers-in-the-well-set-champs-tournament-decks-363115,363115,a7f10e489e78bc69c825199be82569ea4432eaf5fe49f519eaf0c1c0b7e9df91,2026-02-20T17:25:31.236Z,18,501
03d2c2e56ffa8831bd078b81c33def96453aff3ec44c9ea738762206fbf3d52f,The new rough wuff by LE🇦🇹_Maryzilla👑,,,whispers in the well set champs,Emerald|Amber,https://inkdecks.com/lorcana-metagame/deck-the-new-rough-wuff-498812,https://inkdecks.com/lorcana-tournaments/whispers-in-the-well-set-champs-tournament-decks-363115,363115,03d2c2e56ffa8831bd078b81c33def96453aff3ec44c9ea738762206fbf3d52f,2026-02-20T17:25:33.242Z,18,502
e3b44c11a91918d66c0b417b6df6dbf95706f0de689153f31f7d1b8b00a9b04b,Dogs Rock too by BiQ_Gork,,,whispers in the well set champs,Emerald|Amber,https://inkdecks.com/lorcana-metagame/deck-dogs-rock-too-498846,https://inkdecks.com/lorcana-tournaments/whispers-in-the-well-set-champs-tournament-decks-363115,363115,e3b44c11a91918d66c0b417b6df6dbf95706f0de689153f31f7d1b8b00a9b04b,2026-02-20T17:25:35.258Z,17,503
03f78c747eaac2f9ee58caf8ce739154b5062b9c411023c0fa8ba4996261b49e,RS Set10 by Ricardo Pereira,,,mccaldas whispers in the well set championship,Sapphire|Ruby,https://inkdecks.com/lorcana-metagame/deck-rs-set10-498734,https://inkdecks.com/lorcana-tournaments/mccaldas-whispers-in-the-well-set-championship-tournament-decks-363110,363110,03f78c747eaac2f9ee58caf8ce739154b5062b9c411023c0fa8ba4996261b49e,2026-02-20T17:26:05.778Z,19,504
5d9e4fe99e8c7cf14c31403a5c1fe47a4bbf013c40084c82aa1a5b109f046537,Ducks by Gouvader,,,mccaldas whispers in the well set championship,Emerald|Amber,https://inkdecks.com/lorcana-metagame/deck-ducks-498738,https://inkdecks.com/lorcana-tournaments/mccaldas-whispers-in-the-well-set-championship-tournament-decks-363110,363110,5d9e4fe99e8c7cf14c31403a5c1fe47a4bbf013c40084c82aa1a5b109f046537,2026-02-20T17:26:07.770Z,18,505
91818e622acabf29f11e7660f1a0a31b1ec9b0469b4e0600eb9538f2d6f6c9fd,penha janeiro 26 by Penha,,,mccaldas whispers in the well set championship,Amber|Steel,https://inkdecks.com/lorcana-metagame/deck-penha-janeiro-26-498741,https://inkdecks.com/lorcana-tournaments/mccaldas-whispers-in-the-well-set-championship-tournament-decks-363110,363110,91818e622acabf29f11e7660f1a0a31b1ec9b0469b4e0600eb9538f2d6f6c9fd,2026-02-20T17:26:09.779Z,17,506
5820323168253f64481055058d95dbc6b74364e2c1926da58da810271c07cb40,Felix janeiro 26 by OSinsitro,,,mccaldas whispers in the well set championship,Emerald|Sapphire,https://inkdecks.com/lorcana-metagame/deck-felix-janeiro-26-498739,https://inkdecks.com/lorcana-tournaments/mccaldas-whispers-in-the-well-set-championship-tournament-decks-363110,363110,5820323168253f64481055058d95dbc6b74364e2c1926da58da810271c07cb40,2026-02-20T17:26:11.790Z,16,507
85ea61c186e1becfd0adb3d0a82ec9e54c67f65774f51dc92dfa8f8dc100f828,Green Cow by Nuno Verde,,,mccaldas whispers in the well set championship,Emerald|Sapphire,https://inkdecks.com/lorcana-metagame/deck-green-cow-498761,https://inkdecks.com/lorcana-tournaments/mccaldas-whispers-in-the-well-set-championship-tournament-decks-363110,363110,85ea61c186e1becfd0adb3d0a82ec9e54c67f65774f51dc92dfa8f8dc100f828,2026-02-20T17:26:13.802Z,17,508
46c01d6aa943a5cb9a0aed78dd58d9bf606eec2b119e9f8683f59148356f80ba,Set 10 BP by JDRR,,,mccaldas whispers in the well set championship,Sapphire|Amethyst,https://inkdecks.com/lorcana-metagame/deck-set-10-bp-498745,https://inkdecks.com/lorcana-tournaments/mccaldas-whispers-in-the-well-set-championship-tournament-decks-363110,363110,46c01d6aa943a5cb9a0aed78dd58d9bf606eec2b119e9f8683f59148356f80ba,2026-02-20T17:26:15.811Z,17,509
4d2c10fe41bfdc0b6c40ed0930dbfd6c1060ba4f8e73d2fa230a3b2e3fa58fd2,Purple Webby by Daisy,,,mccaldas whispers in the well set championship,Emerald|Amethyst,https://inkdecks.com/lorcana-metagame/deck-purple-webby-498743,https://inkdecks.com/lorcana-tournaments/mccaldas-whispers-in-the-well-set-championship-tournament-decks-363110,363110,4d2c10fe41bfdc0b6c40ed0930dbfd6c1060ba4f8e73d2fa230a3b2e3fa58fd2,2026-02-20T17:26:17.813Z,17,510
7c5380663e95f4fec5a3bfd3aa25a262797f869c868941b2ba0e254151100833,Deck torneio by Rodrigo Andrade,,,mccaldas whispers in the well set championship,Amber|Sapphire,https://inkdecks.com/lorcana-metagame/deck-deck-torneio-498742,https://inkdecks.com/lorcana-tournaments/mccaldas-whispers-in-the-well-set-championship-tournament-decks-363110,363110,7c5380663e95f4fec5a3bfd3aa25a262797f869c868941b2ba0e254151100833,2026-02-20T17:26:19.827Z,18,511
0bea709a2a36940012f1dc971b657ab151e73bc2489733e314d00451ac0a5a90,#1 by Marco Blisch,,,mccaldas whispers in the well set championship,Amber|Emerald,https://inkdecks.com/lorcana-metagame/deck-1-498749,https://inkdecks.com/lorcana-tournaments/mccaldas-whispers-in-the-well-set-championship-tournament-decks-363110,363110,0bea709a2a36940012f1dc971b657ab151e73bc2489733e314d00451ac0a5a90,2026-02-20T17:26:21.834Z,22,512
aa01e130c7d6a6e29d9b2a3a37d8f7894162d849605714c790516eadd5a56097,A/S Aggro by Saile95,,,whispers in the well set championship,Amber|Steel,https://inkdecks.com/lorcana-metagame/deck-a-s-aggro-498714,https://inkdecks.com/lorcana-tournaments/whispers-in-the-well-set-championship-tournament-decks-363103,363103,aa01e130c7d6a6e29d9b2a3a37d8f7894162d849605714c790516eadd5a56097,2026-02-20T17:27:06.385Z,17,513
01512dc6cd9df15688fdae501a41b3ae23a93586003181a184be6c7d27f81863,P/B Blurple by RV_Açai03,,,whispers in the well set championship,Sapphire|Amethyst,https://inkdecks.com/lorcana-metagame/deck-p-b-blurple-498715,https://inkdecks.com/lorcana-tournaments/whispers-in-the-well-set-championship-tournament-decks-363103,363103,01512dc6cd9df15688fdae501a41b3ae23a93586003181a184be6c7d27f81863,2026-02-20T17:27:08.399Z,19,514
4b96314cad8fbbc268b23fb6ca003103b9139ee5ab59547e95f59c6c31eb64ef,B/S Ramp by RVL_Flo,,,whispers in the well set championship,Steel|Sapphire,https://inkdecks.com/lorcana-metagame/deck-b-s-ramp-498716,https://inkdecks.com/lorcana-tournaments/whispers-in-the-well-set-championship-tournament-decks-363103,363103,4b96314cad8fbbc268b23fb6ca003103b9139ee5ab59547e95f59c6c31eb64ef,2026-02-20T17:27:10.410Z,20,515
bf81685b0d0dd283e31176f70cf5fad9548e5ed1bea5522d8abeb5a6c164064b,P/S Tempo by Fuchse96,,,whispers in the well set championship,Steel|Amethyst,https://inkdecks.com/lorcana-metagame/deck-p-s-tempo-498717,https://inkdecks.com/lorcana-tournaments/whispers-in-the-well-set-championship-tournament-decks-363103,363103,bf81685b0d0dd283e31176f70cf5fad9548e5ed1bea5522d8abeb5a6c164064b,2026-02-20T17:27:12.416Z,20,516
5398c03882669c1cbc34570f0aa8d249cceee4995564f05c5f4d1b2b626a40d3,R/S Allies by xDerDobbyx,,,whispers in the well set championship,Steel|Ruby,https://inkdecks.com/lorcana-metagame/deck-r-s-allies-498718,https://inkdecks.com/lorcana-tournaments/whispers-in-the-well-set-championship-tournament-decks-363103,363103,5398c03882669c1cbc34570f0aa8d249cceee4995564f05c5f4d1b2b626a40d3,2026-02-20T17:27:14.423Z,18,517
